Country,Year,Type,Points,Place,Draw,Performer,Song
Albania,2004,F,106,7 (24),9,Anjeza Shahini,The Image Of You
Albania,2005,F,53,16 (24),8,Ledina Celo,Tomorrow I Go
Albania,2008,F,55,17 (25),3,Olta Boka,Zemrën E Lamë Peng
Albania,2009,F,48,17 (25),19,Kejsi Tola,Carry Me In Your Dreams
Albania,2010,F,62,16 (25),15,Juliana Pasha,It's All About You
Albania,2012,F,146,5 (26),3,Rona Nishliu,Suus
Albania,2015,F,34,17 (27),26,Elhaida Dani,I'm Alive
Albania,2018,F,184,11 (26),12,Eugent Bushpepa,Mall
Albania,2019,F,90,17 (26),2,Jonida Maliqi,Ktheju tokës
Albania,2021,F,57,21 (26),2,Anxhela Peristeri,Karma
Armenia,2006,F,129,8 (24),24,André,Without Your Love
Armenia,2007,F,138,8 (24),23,Hayko,Anytime You Need
Armenia,2008,F,199,4 (25),5,Sirusho,"Qele, Qele"
Armenia,2009,F,92,10 (25),9,Inga & Anush,Jan Jan
Armenia,2010,F,141,7 (25),21,Eva Rivas,Apricot Stone
Armenia,2013,F,41,18 (26),12,Dorians,Lonely Planet
Armenia,2014,F,174,4 (26),7,Aram MP3,Not Alone
Armenia,2015,F,34,16 (27),6,Genealogy,Face The Shadow
Armenia,2016,F,249,7 (26),26,Iveta Mukuchyan,LoveWave
Armenia,2017,F,79,18 (26),5,Artsvik,Fly With Me
Armenia,2022,F,61,20 (25),8,Rosa Linn,Snap
Australia,2015,F,196,5 (27),12,Guy Sebastian,Tonight Again
Australia,2016,F,511,2 (26),13,Dami Im,Sound Of Silence
Australia,2017,F,173,9 (26),14,Isaiah,Don't Come Easy
Australia,2018,F,99,20 (26),16,Jessica Mauboy,We Got Love
Australia,2019,F,284,9 (26),25,Kate Miller-Heidke,Zero Gravity
Australia,2022,F,125,15 (25),21,Sheldon Riley,Not The Same
Austria,1957,,3,10 (10),5,Bob Martin,"Wohin, Kleines Pony"
Austria,1958,,8,5 (10),9,Liane Augustin,Die Ganze Welt Braucht Liebe
Austria,1959,,4,9 (11),9,Ferry Graf,Der K. Und K. Kalypso Aus Wien
Austria,1960,,6,7 (13),7,Harry Winter,Du Hast Mich So Fasziniert
Austria,1961,,1,15 (16),3,Jimmy Makulis,Sehnsucht
Austria,1962,,0,13 (16),4,Eleonore Schwarz,Nur In Der Wiener Luft
Austria,1963,,16,7 (16),4,Carmela Corren,Vielleicht Geschieht Ein Wunder
Austria,1964,,11,6 (16),6,Udo Jürgens,"Warum Nur, Warum?"
Austria,1965,,16,4 (18),6,Udo Jürgens,"Sag Ihr, Ich Lass' Sie Grüßen"
Austria,1966,,31,1 (18),9,Udo Jürgens,Merci Chérie
Austria,1967,,2,14 (17),3,Peter Horten,Warum Es Hunderttausend Sterne Gibt
Austria,1968,,2,13 (17),4,Karel Gott,Tausend Fenster
Austria,1971,,66,16 (18),1,Marianne Mendt,Musik
Austria,1972,,100,5 (18),11,The Milestones,Falter Im Wind
Austria,1976,,80,5 (18),14,Waterloo and Robinson,My Little World
Austria,1977,,11,17 (18),4,Schmetterlinge,Boom Boom Boomerang
Austria,1978,,14,15 (20),19,Springtime,Mrs. Caroline Robinson
Austria,1979,,5,18 (19),18,Christina Simon,Heute In Jerusalem
Austria,1980,,64,8 (19),1,Blue Danube,Du Bist Musik
Austria,1981,,20,17 (20),1,Marty Brem,Wenn Du Da Bist
Austria,1982,,57,9 (18),10,Mess,Sonntag
Austria,1983,,53,9 (20),18,Westend,Hurricane
Austria,1984,,5,19 (19),13,Anita,Einfach Weg
Austria,1985,,60,8 (19),17,Gary Lux,Kinder Dieser Welt
Austria,1986,,12,18 (20),16,Timna Brauer,Die Zeit Ist Einsam
Austria,1987,,8,20 (22),3,Gary Lux,Nur Noch Gefühl
Austria,1988,,0,21 (21),12,Wilfried,Lisa Mona Lisa
Austria,1989,,97,5 (22),13,Thomas Forstner,Nur Ein Lied
Austria,1990,,58,10 (22),20,Simone,Keine Mauern Mehr
Austria,1991,,0,22 (22),6,Thomas Forstner,Venedig Im Regen
Austria,1992,,63,10 (23),15,Tony Wegas,Zusammen Geh'n
Austria,1993,,32,14 (25),10,Tony Wegas,Maria Magdalena
Austria,1994,,19,17 (25),20,Petra Frey,Für Den Frieden Der Welt
Austria,1995,,67,13 (23),8,Stella Jones,Die Welt Dreht Sich Verkehrt
Austria,1996,,68,10 (23),8,George Nußbaumer,Weil's Dr Guat Got
Austria,1997,,12,21 (25),4,Bettina Soriat,One Step
Austria,1999,,65,10 (23),18,Bobbie Singer,Reflection
Austria,2000,,34,14 (24),24,The rounder girls,All To You
Austria,2002,,26,18 (24),3,Manuel Ortega,Say A Word
Austria,2003,,101,6 (26),2,Alf Poier,Weil Der Mensch Zählt
Austria,2004,F,9,21 (24),2,Tie Break,Du Bist
Austria,2011,F,64,18 (25),18,Nadine Beiler,The Secret Is Love
Austria,2014,F,290,1 (26),11,Conchita Wurst,Rise Like a Phoenix
Austria,2015,F,0,26 (27),14,The Makemakes,I Am Yours
Austria,2016,F,151,13 (26),24,ZOË,Loin d'ici
Austria,2017,F,93,16 (26),4,Nathan Trent,Running On Air
Austria,2018,F,342,3 (26),5,Cesár Sampson,Nobody But You
Azerbaijan,2008,F,132,8 (25),20,Elnur & Samir,Day After Day
Azerbaijan,2009,F,207,3 (25),11,AySel & Arash,Always
Azerbaijan,2010,F,145,5 (25),1,Safura,Drip Drop
Azerbaijan,2011,F,221,1 (25),19,Ell & Nikki,Running Scared
Azerbaijan,2012,F,150,4 (26),13,Sabina Babayeva,When The Music Dies
Azerbaijan,2013,F,234,2 (26),20,Farid Mammadov,Hold Me
Azerbaijan,2014,F,33,22 (26),3,Dilara Kazimova,Start A Fire
Azerbaijan,2015,F,49,12 (27),24,Elnur Huseynov,Hour Of The Wolf
Azerbaijan,2016,F,117,17 (26),4,Samra,Miracle
Azerbaijan,2017,F,120,14 (26),12,Dihaj,Skeletons
Azerbaijan,2019,F,302,8 (26),20,Chingiz,Truth
Azerbaijan,2021,F,65,20 (26),21,Efendi,Mata Hari
Azerbaijan,2022,F,106,16 (25),15,Nadir Rustamli,Fade To Black
Belarus,2007,F,145,6 (24),3,Dmitry Koldun,Work Your Magic
Belarus,2010,F,18,24 (25),9,3+2,Butterflies
Belarus,2013,F,48,16 (26),8,Alyona Lanskaya,Solayoh
Belarus,2014,F,43,16 (26),2,Teo,Cheesecake
Belarus,2017,F,83,17 (26),3,Naviband,Story of My Life
Belarus,2019,F,31,24 (26),19,ZENA,Like It
Belgium,1957,,5,8 (10),1,Bobbejaan Schoepen,Straatdeuntje
Belgium,1958,,8,5 (10),7,Fud Leclerc,Ma Petite Chatte
Belgium,1959,,9,6 (11),11,Bob Benny,Hou Toch Van Mij
Belgium,1960,,9,6 (13),5,Fud Leclerc,Mon Amour Pour Toi
Belgium,1961,,1,15 (16),11,Bob Benny,"September, Gouden Roos"
Belgium,1962,,0,13 (16),2,Fud Leclerc,Ton Nom
Belgium,1963,,4,10 (16),14,Jacques Raymond,Waarom
Belgium,1964,,2,10 (16),15,Robert Cogoi,Près De Ma Rivière
Belgium,1965,,0,15 (18),8,Lize Marke,Als Het Weer Lente Is
Belgium,1966,,14,4 (18),3,Tonia,"Un Peu De Poivre, Un Peu De Sel"
Belgium,1967,,8,7 (17),10,Louis Neefs,Ik Heb Zorgen
Belgium,1968,,8,7 (17),3,Claude Lombard,Quand Tu Reviendras
Belgium,1969,,10,7 (16),10,Louis Neefs,Jennifer Jennings
Belgium,1970,,5,8 (12),5,Jean Vallée,Viens L'oublier
Belgium,1971,,68,14 (18),10,Lily Castel and Jacques Raymond,"Goeie Morgen, Morgen"
Belgium,1972,,55,17 (18),16,Serge and Christine Ghisoland,À La Folie Ou Pas Du Tout
Belgium,1973,,58,17 (17),2,Nicole and Hugo,"Baby, Baby"
Belgium,1974,,10,9 (17),11,Jacques Hustin,Fleur De Liberté
Belgium,1975,,17,15 (19),11,Ann Christy,Gelukkig Zijn
Belgium,1976,,68,8 (18),6,Pierre Rapsat,Judy Et Cie.
Belgium,1977,,69,7 (18),17,Dream Express,"A Million In One, Two, Three"
Belgium,1978,,125,2 (20),10,Jean Vallée,L'amour ça Fait Chanter La Vie
Belgium,1979,,5,18 (19),12,Micha Marah,Hey Nana
Belgium,1980,,14,17 (19),19,Telex,Euro-vision
Belgium,1981,,40,13 (20),16,Emly Starr,Samson
Belgium,1982,,96,4 (18),11,Stella,Si Tu Aimes Ma Musique
Belgium,1983,,13,18 (20),19,Pas de Deux,Rendez-vous
Belgium,1984,,70,5 (19),8,Jacques Zegers,Avanti La Vie
Belgium,1985,,7,19 (19),8,Linda Lepomme,Laat Me Nu Gaan
Belgium,1986,,176,1 (20),13,Sandra Kim,J'aime La Vie
Belgium,1987,,56,11 (22),5,Liliane Saint-Pierre,Soldiers Of Love
Belgium,1988,,5,18 (21),16,Reynaert,Laissez Briller Le Soleil
Belgium,1989,,13,19 (22),6,Ingeborg,Door De Wind
Belgium,1990,,46,12 (22),3,Philippe Lafontaine,Macédomienne
Belgium,1991,,23,16 (22),18,Clouseau,Geef Het Op
Belgium,1992,,11,20 (23),2,Morgane,Nous On Veut Des Violons
Belgium,1993,,3,25 (25),7,Barbara,Iemand Als Jij
Belgium,1995,,8,20 (23),14,Frédéric Etherlinck,La Voix Est Libre
Belgium,1996,,22,16 (23),16,Lisa del Bo,Liefde Is Een Kaartspel
Belgium,1998,,122,6 (25),20,Mélanie Cohl,Dis Oui
Belgium,1999,,38,12 (23),2,Venessa Chinitor,Like The Wind
Belgium,2000,,2,24 (24),10,Nathalie Sorce,Envie De Vivre
Belgium,2002,,33,13 (24),16,Sergio & the Ladies,Sister
Belgium,2003,,165,2 (26),22,Urban Trad,Sanomi
Belgium,2004,F,7,22 (24),13,Xandee,1 Life
Belgium,2010,F,143,6 (25),7,Tom Dice,Me And My Guitar
Belgium,2013,F,71,12 (26),6,Roberto Bellarosa,Love Kills
Belgium,2015,F,217,4 (27),13,Loïc Nottet,Rhythm Inside
Belgium,2016,F,181,10 (26),1,Laura Tesoro,What's The Pressure
Belgium,2017,F,363,4 (26),23,Blanche,City Lights
Belgium,2021,F,74,19 (26),4,Hooverphonic,The Wrong Place
Belgium,2022,F,64,19 (25),16,Jérémie Makiese,Miss You
Bosnia Herzegovina,1993,,27,16 (25),18,Fazla,Sva Bol Svijeta
Bosnia Herzegovina,1994,,39,15 (25),18,Alma and Dejan,Ostani Kraj Mene
Bosnia Herzegovina,1995,,14,19 (23),4,Davor Popovic,Dvadeset I Prvi Vijek
Bosnia Herzegovina,1996,,13,22 (23),21,Amila Glamocak,Za Našu Ljubav
Bosnia Herzegovina,1997,,22,18 (25),14,Alma Cardzic,Goodbye
Bosnia Herzegovina,1999,,86,7 (23),22,Dino and Beatrice,Putnici
Bosnia Herzegovina,2001,,29,14 (23),3,Nino,Hano
Bosnia Herzegovina,2002,,33,13 (24),15,Maja,Na Jastuku Za Dvoje
Bosnia Herzegovina,2003,,27,16 (26),6,Mija Martina,Ne Brini
Bosnia Herzegovina,2004,F,91,9 (24),12,Deen,In The Disco
Bosnia Herzegovina,2005,F,79,14 (24),21,Feminnem,Call Me
Bosnia Herzegovina,2006,F,229,3 (24),13,Hari Mata Hari,Lejla
Bosnia Herzegovina,2007,F,106,11 (24),1,Marija Sestic,Rijeka Bez Imena
Bosnia Herzegovina,2008,F,110,10 (25),6,Laka,Pokušaj
Bosnia Herzegovina,2009,F,106,9 (25),12,Regina,Bistra Voda
Bosnia Herzegovina,2010,F,51,17 (25),6,Vukašin Braji?,Thunder And Lightning
Bosnia Herzegovina,2011,F,125,6 (25),2,Dino Merlin,Love In Rewind
Bosnia Herzegovina,2012,F,55,18 (26),5,Maya Sar,Korake ti znam
Bulgaria,2007,F,157,5 (24),21,Elitsa Todorova & Stoyan Yankulov,Water
Bulgaria,2016,F,307,4 (26),8,Poli Genova,If Love Was A Crime
Bulgaria,2017,F,615,2 (26),25,Kristian Kostov,Beautiful Mess
Bulgaria,2018,F,166,14 (26),18,EQUINOX,Bones
Bulgaria,2021,F,170,11 (26),17,VICTORIA,Growing Up Is Getting Old
Croatia,1993,,31,15 (25),21,Put,Don't Ever Cry
Croatia,1994,,27,16 (25),7,Tony Cetinski,Nek'ti Bude Ljubav Sva
Croatia,1995,,91,6 (23),11,Magazin and Lidija,Nostalgija
Croatia,1996,,98,4 (23),7,Maja Blagdan,Sveta Ljubav
Croatia,1997,,24,17 (25),23,ENI,Probudi Me
Croatia,1998,,131,5 (25),1,Danijela,Neka Mi Ne Svane
Croatia,1999,,118,4 (23),4,Doris Dragovic,Marija Magdalena
Croatia,2000,,70,9 (24),17,Goran Karan,Kada Zaspu Andeli
Croatia,2001,,42,10 (23),10,Vanna,Strings Of My Heart
Croatia,2002,,44,11 (24),6,Vesna Pisarovic,Everything I Want
Croatia,2003,,29,15 (26),8,Claudia Beni,Vise Nisam Tvoja
Croatia,2004,F,50,12 (24),11,Ivan Mikulic,You Are The Only One
Croatia,2005,F,115,11 (24),18,Boris Novkovic feat. Lado members,Vukovi Umiru Sami
Croatia,2006,F,56,12 (24),20,Severina,Moja Stikla
Croatia,2008,F,44,21 (25),9,Kraljevi Ulice & 75 Cents,Romanca
Croatia,2009,F,45,18 (25),5,Igor Cukrov feat. Andrea,Lijepa Tena
Croatia,2016,F,73,23 (26),17,Nina Kralji?,Lighthouse
Croatia,2017,F,128,13 (26),13,Jacques Houdek,My Friend
Cyprus,1981,,69,6 (20),18,Island,Monika
Cyprus,1982,,85,5 (18),8,Anna Vissi,Mono I Agapi
Cyprus,1983,,26,16 (20),13,Stavros and Constantina,I Agapi Akoma Zi
Cyprus,1984,,31,15 (19),7,Andy Paul,Anna Mari-elena
Cyprus,1985,,15,16 (19),3,Lia Vissi,To Katalava Arga
Cyprus,1986,,4,20 (20),15,Elpida,Tora Zo
Cyprus,1987,,80,7 (22),17,Alexia,Aspro Mavro
Cyprus,1989,,51,11 (22),17,Fanny Polymeri and Yiannis Savvidakis,Apopse As Vrethoume
Cyprus,1990,,36,14 (22),21,Haris Anastasiou,Milas Poli
Cyprus,1991,,60,9 (22),21,Elena Patroclou,S.o.s.
Cyprus,1992,,57,11 (23),9,Evridiki,Teriazoume
Cyprus,1993,,17,19 (25),23,Kyriakos Zymboulakis and Demos Van Beke,Mi Stamatas
Cyprus,1994,,51,11 (25),4,Evridiki,Ime Anthropos Ke Ego
Cyprus,1995,,79,9 (23),17,Alexandros Panayi,Sti Fotia
Cyprus,1996,,72,9 (23),5,Constantinos,Mono Gia Mas
Cyprus,1997,,98,5 (25),1,Chara and Andreas Konstantinou,Mana Mou
Cyprus,1998,,37,11 (25),17,Michael Hajiyanni,Genesis
Cyprus,1999,,2,22 (23),14,Marlain Angelidou,Tha'nai Erotas
Cyprus,2000,,8,21 (24),11,Voice,Nomiza
Cyprus,2002,,85,6 (24),1,One,Gimme
Cyprus,2003,,15,20 (26),9,Stelios Constantas,Feeling Alive
Cyprus,2004,F,170,5 (24),21,Lisa Andreas,Stronger Every Minute
Cyprus,2005,F,46,18 (24),9,Constantinos Christoforou,Ela Ela
Cyprus,2010,F,27,21 (25),5,Jon Lilygreen & The Islanders,Life Looks Better In Spring
Cyprus,2012,F,65,16 (26),8,Ivi Adamou,La La Love
Cyprus,2015,F,11,22 (27),11,John Karayiannis,One Thing I Should Have Done
Cyprus,2016,F,96,21 (26),14,Minus One,Alter Ego
Cyprus,2017,F,68,21 (26),19,Hovig,Gravity
Cyprus,2018,F,436,2 (26),25,Eleni Foureira,Fuego
Cyprus,2019,F,109,13 (26),11,Tamta,Replay
Cyprus,2021,F,94,16 (26),1,Elena Tsagrinou,El Diablo
Czech Republic,2016,F,41,25 (26),2,Gabriela Gun?íková,I Stand
Czech Republic,2018,F,281,6 (26),14,Mikolas Josef,Lie To Me
Czech Republic,2019,F,157,11 (26),3,Lake Malawi,Friend of a Friend
Czech Republic,2022,F,38,22 (25),1,We Are Domi,Lights Off
Denmark,1957,,10,3 (10),9,Birthe Wilke and Gustav Winckler,Skibet Skal Sejle I Nat
Denmark,1958,,3,8 (10),6,Raquel Rastenni,Jeg Rev Et Blad Ud Af Min Dagbog
Denmark,1959,,12,5 (11),2,Birthe Wilke,Uh-jeg Ville Ønske Jeg Var Dig
Denmark,1960,,4,10 (13),4,Katy Bødtger,Det Var En Yndig Tid
Denmark,1961,,12,5 (16),13,Dario Campeotto,Angelique
Denmark,1962,,2,10 (16),5,Ellen Winther,Vuggevise
Denmark,1963,,42,1 (16),8,Grethe and Jørgen Ingmann,Dansevise
Denmark,1964,,4,9 (16),4,Bjørn Tidmand,Sangen Om Dig
Denmark,1965,,10,7 (18),14,Birgit Brüel,For Din Skyld
Denmark,1966,,4,14 (18),2,Ulla Pia,"Stop, Ja Stop - Ja Stop, Mens Legen Er Go"
Denmark,1978,,13,16 (20),16,Mabel,Boom Boom
Denmark,1979,,76,6 (19),3,Tommy Seebach,Disco Tango
Denmark,1980,,25,14 (19),7,Bamses Venner,Tænker Altid På Dig
Denmark,1981,,41,11 (20),6,Debbie Cameron and Tommy Seebach,Krøller Eller Ej
Denmark,1982,,5,17 (18),13,Brixx,Video-video
Denmark,1983,,16,17 (20),15,Gry Johansen,Kloden Drejer
Denmark,1984,,101,4 (19),10,Hot Eyes,Det' Lige Det
Denmark,1985,,41,11 (19),4,Hot Eyes,Sku' Du Spør Fra No'n
Denmark,1986,,77,6 (20),18,Lise Haavik and Trax,Du Er Fuld Af Løgn
Denmark,1987,,83,5 (22),19,Anne-Catherine Herdorf and Bandjo,En Lille Melodi
Denmark,1988,,92,3 (21),13,Hot Eyes,Ka' Du Se Hva' Jeg Sa'
Denmark,1989,,111,3 (22),12,Birthe Kjær,Vi Maler Byen Rød
Denmark,1990,,64,8 (22),11,Lonnie Devantier,Hallo Hallo
Denmark,1991,,8,19 (22),13,Anders Frandsen,Lige Der Hvor Hjertet Slår
Denmark,1992,,47,12 (23),18,Lotte Nilsson and Kenny Lübcke,Ålt Det Som Ingen Ser
Denmark,1993,,9,22 (25),5,Tommy Seebach Band,Under Stjernerne På Himlen
Denmark,1995,,92,5 (23),19,Aud Wilken,Fra Mols Til Skagen
Denmark,1997,,25,16 (25),21,Kølig Kaj,Stemmen I Mit Liv
Denmark,1999,,71,8 (23),9,Trine Jepsen & Michael Teschl,This Time (i Mean It)
Denmark,2000,,195,1 (24),14,Olsen brothers,Fly On The Wings Of Love
Denmark,2001,,177,2 (23),23,Rollo & King,Never Ever Let You Go
Denmark,2002,,7,24 (24),14,Malene,Tell Me Who You Are
Denmark,2005,F,125,9 (24),13,Jakob Sveistrup,Talking To You
Denmark,2006,F,26,18 (24),9,Sidsel Ben Semmane,Twist Of Love
Denmark,2008,F,60,15 (25),16,Simon Mathew,All Night Long
Denmark,2009,F,74,13 (25),16,Brinck,Believe Again
Denmark,2010,F,149,4 (25),25,Chanée & N'evergreen,In A Moment Like This
Denmark,2011,F,134,5 (25),3,A Friend In London,New Tomorrow
Denmark,2012,F,21,23 (26),15,Soluna Samay,Should've Known Better
Denmark,2013,F,281,1 (26),18,Emmelie de Forest,Only Teardrops
Denmark,2014,F,74,9 (26),23,Basim,Cliche Love Song
Denmark,2017,F,77,20 (26),10,Anja,Where I Am
Denmark,2018,F,226,9 (26),15,Rasmussen,Higher Ground
Denmark,2019,F,120,12 (26),6,Leonora,Love Is Forever
Estonia,1994,,2,24 (25),10,Silvi Vrait,Nagu Merelaine
Estonia,1996,,94,5 (23),11,Ivo Linna and Maarja-Liis Ilus,Kaelakee Hääl
Estonia,1997,,82,8 (25),13,Maarja-Liis Ilus,Keelatud Maa
Estonia,1998,,36,12 (25),23,Koit Toome,Mere Lapsed
Estonia,1999,,90,6 (23),23,Evelin Samuel and Camille,Diamond Of Night
Estonia,2000,,98,4 (24),4,Ines,Once In A Lifetime
Estonia,2001,,198,1 (23),20,"Tanel Padar, Dave Benton & 2XL",Everybody
Estonia,2002,,111,3 (24),8,Sahléne,Runaway
Estonia,2003,,14,21 (26),23,Ruffus,Eighties Coming Back
Estonia,2009,F,129,6 (25),15,Urban Symphony,Rändajad
Estonia,2011,F,44,24 (25),8,Getter Jaani,Rockefeller Street
Estonia,2012,F,120,6 (26),11,Ott Lepland,Kuula
Estonia,2013,F,19,20 (26),7,Birgit,Et Uus Saaks Alguse
Estonia,2015,F,106,7 (27),4,Elina Born & Stig Rästa,Goodbye To Yesterday
Estonia,2018,F,245,8 (26),6,Elina Nechayeva,La Forza
Estonia,2019,F,76,20 (26),18,Victor Crone,Storm
Estonia,2022,F,141,13 (25),25,Stefan,Hope
Finland,1961,,6,10 (16),4,Laila Kinnunen,Valoa Ikkunassa
Finland,1962,,4,7 (16),1,Marion Rung,Tipi-tii
Finland,1963,,0,13 (16),7,Laila Halme,Muistojeni Laulu
Finland,1964,,9,7 (16),5,Lasse Mårtenson,Laiskotellen
Finland,1965,,0,15 (18),16,Viktor Klimenko,Aurinko Laskee Länteen
Finland,1966,,7,10 (18),7,Ann-Christine Nyström,Play-boy
Finland,1967,,3,12 (17),8,Fredi,Varjoon-suojaan
Finland,1968,,1,16 (17),9,Kristina Hautala,Kun Kello Käy
Finland,1969,,6,12 (16),16,Jarkko and Laura,Kuin Silloin Ennen
Finland,1971,,84,8 (18),17,Markku Aro and Koivisto Sisters,Tie Uuteen Päivään
Finland,1972,,78,12 (18),10,Päivi Paunu and Kim Floor,Muistathan
Finland,1973,,93,6 (17),1,Marion Rung,Tom Tom Tom
Finland,1974,,4,13 (17),1,Carita,Äla Mene Pois (keep Me Warm)
Finland,1975,,74,7 (19),15,Pihasoittajat,Old Man Fiddle
Finland,1976,,44,11 (18),11,Fredi and The Friends,Pump-pump
Finland,1977,,50,10 (18),16,Monica Aspelund,Lapponia
Finland,1978,,2,18 (20),4,Seija Simola,Anna Rakkaudelle Tilaisuus
Finland,1979,,38,14 (19),5,Katri-Helena,Katso Sineen Taivaan
Finland,1980,,6,19 (19),10,Vesa-Matti Loiri,Huilumies
Finland,1981,,27,16 (20),8,Riki Sorsa,Reggae O.k.
Finland,1982,,0,18 (18),6,Kojo,Nuku Pommiin
Finland,1983,,41,11 (20),9,Ami Aspelund,Fantasiaa
Finland,1984,,46,9 (19),16,Kirka,Hengaillaan
Finland,1985,,58,9 (19),2,Sonja Lumme,Eläköön Elämä
Finland,1986,,22,15 (20),19,Kari Kuivalainen,Päivä Kahden Ihmisen
Finland,1987,,32,15 (22),18,Vicky Rosti,Sata Salamaa
Finland,1988,,3,20 (21),3,Boulevard,Nauravat Silmät Muistetaan
Finland,1989,,76,7 (22),14,Anneli Saaristo,La Dolce Vita
Finland,1990,,8,21 (22),22,Beat,Fri?
Finland,1991,,6,20 (22),16,Kaija,Hullu Yö
Finland,1992,,4,23 (23),12,Pave,Yamma Yamma
Finland,1993,,20,17 (25),17,Katri-Helena,Tule Luo
Finland,1994,,11,22 (25),2,CatCat,Bye Bye Baby
Finland,1996,,9,23 (23),18,Jasmine,Niin Kaunis On Taivas
Finland,1998,,22,15 (25),21,Edea,Aava
Finland,2000,,18,18 (24),20,Nina Åström,A Little Bit
Finland,2002,,24,20 (24),13,Laura,Addicted To You
Finland,2006,F,292,1 (24),17,Lordi,Hard Rock Hallelujah
Finland,2007,F,53,17 (24),5,Hanna Pakarinen,Leave Me Alone
Finland,2008,F,35,22 (25),8,Teräsbetoni,Missä Miehet Ratsastaa
Finland,2009,F,22,25 (25),24,Waldo's People,Lose Control
Finland,2011,F,57,21 (25),1,Paradise Oskar,Da Da Dam
Finland,2013,F,13,24 (26),4,Krista Siegfrids,Marry Me
Finland,2014,F,72,11 (26),18,Softengine,Something Better
Finland,2018,F,46,25 (26),17,Saara Aalto,Monsters
Finland,2021,F,301,6 (26),16,Blind Channel,Dark Side
Finland,2022,F,38,21 (25),4,The Rasmus,Jezebel
France,1957,,17,2 (10),8,Paule Desjardins,La Belle Amour
France,1958,,27,1 (10),3,André Claveau,Dors Mon Amour
France,1959,,15,3 (11),1,Jean Philippe,"Oui, Oui, Oui, Oui"
France,1960,,32,1 (13),13,Jacqueline Boyer,Tom Pillibi
France,1961,,13,4 (16),9,Jean-Paul Mauric,Printemps (avril Carillonne)
France,1962,,26,1 (16),9,Isabelle Aubret,Un Premier Amour
France,1963,,25,5 (16),11,Alain Barrière,Elle était Si Jolie
France,1964,,14,4 (16),7,Rachel,Le Chant De Mallory
France,1965,,22,3 (18),11,Guy Mardel,N'avoue Jamais
France,1966,,1,16 (18),15,Dominique Walter,Chez Nous
France,1967,,20,3 (17),4,Noëlle Cordier,Il Doit Faire Beau Là-bas
France,1968,,20,3 (17),10,Isabelle Aubret,La Source
France,1969,,18,1 (16),14,Frida Boccara,"Un Jour, Un Enfant"
France,1970,,8,4 (12),6,Guy Bonnet,Marie Blanche
France,1971,,82,10 (18),7,Serge Lama,Un Jardin Sur La Terre
France,1972,,81,11 (18),2,Betty Mars,Comé-comédie
France,1973,,65,15 (17),16,Martine Clémenceau,Sans Toi
France,1975,,91,4 (19),3,Nicole Rieu,Et Bonjour à Toi L'artiste
France,1976,,147,2 (18),17,Catherine Ferry,"Un, Deux, Trois"
France,1977,,136,1 (18),18,Marie Myriam,L'oiseau Et L'enfant
France,1978,,119,3 (20),6,Joël Prévost,Il Y Aura Toujours Des Violons
France,1979,,106,3 (19),11,Anne-Marie David,Je Suis L'enfant-soleil
France,1980,,45,11 (19),16,Profil,"Hé, Hé M'sieurs Dames"
France,1981,,125,3 (20),9,Jean Gabilou,Humanahum
France,1983,,56,8 (20),1,Guy Bonnet,Vivre
France,1984,,61,8 (19),3,Annick Thoumazeau,Autant D'amoureux Que D'étoiles
France,1985,,56,10 (19),6,Roger Bens,Femme Dans Ses Rêves Aussi
France,1986,,13,17 (20),3,Cocktail Chic,Européennes
France,1987,,44,14 (22),15,Christine Minier,Les Mots D'amour N'ont Pas De Dimanche
France,1988,,64,10 (21),19,Gérard Lenorman,Chanteur De Charme
France,1989,,60,8 (22),15,Nathalie Pâque,J'ai Volé La Vie
France,1990,,132,2 (22),14,Joelle Ursull,White And Black Blues
France,1991,,146,2 (22),9,Amina,C'est Le Dernier Qui A Parlé Qui A Raison
France,1992,,73,8 (23),6,Kali,Monté La Riviè
France,1993,,121,4 (25),12,Patrick Fiori,Mama Corsica
France,1994,,74,7 (25),25,Nina Morato,Je Suis Un Vrai Garçon
France,1995,,94,4 (23),12,Nathalie Santamaria,Il Me Donne Rendez-vous
France,1996,,18,19 (23),13,Dan Ar Braz et l'Héritage des Celtes,Diwanit Bugale
France,1997,,95,7 (25),22,Fanny,Sentiments Songes
France,1998,,3,24 (25),3,Marie-Line,Où Aller
France,1999,,14,19 (23),10,Nayah,Je Veux Donner Ma Voix
France,2000,,5,23 (24),5,Sofia Mestari,On Aura Le Ciel
France,2001,,142,4 (23),14,Natasha Saint-Pier,Je N'ai Que Mon âme
France,2002,,104,5 (24),17,Sandrine François,Il Faut Du Temps
France,2003,,19,18 (26),19,Louisa Baileche,Monts Et Merveilles
France,2004,F,40,15 (24),4,Jonatan Cerrada,A Chaque Pas
France,2005,F,11,23 (24),24,Ortal,Chacun Pense à Soi
France,2006,F,5,22 (24),19,Virginie Pouchin,Il était Temps
France,2007,F,19,22 (24),13,Les Fatals Picards,L'amour à La Française
France,2008,F,47,19 (25),19,Sébastien Tellier,Divine
France,2009,F,107,8 (25),3,Patricia Kaas,Et S'il Fallait Le Faire
France,2010,F,82,12 (25),18,Jessy Matador,Alllez Olla Olé
France,2011,F,82,15 (25),11,Amaury Vassili,Sognu
France,2012,F,21,22 (26),9,Anggun,Echo (You And I)
France,2013,F,14,23 (26),1,Amandine Bourgeois,L'enfer Et Moi
France,2014,F,2,26 (26),14,TWIN TWIN,Moustache
France,2015,F,4,25 (27),2,Lisa Angell,N'oubliez Pas
France,2016,F,257,6 (26),11,Amir,J'ai cherché
France,2017,F,135,12 (26),26,Alma,Requiem
France,2018,F,173,13 (26),13,Madame Monsieur,Mercy
France,2019,F,105,16 (26),21,Bilal Hassani,Roi
France,2021,F,499,2 (26),20,Barbara Pravi,Voilà
France,2022,F,17,24 (25),6,Alvan & Ahez,Fulenn
Georgia,2007,F,97,12 (24),11,Sopho,My Story
Georgia,2008,F,83,11 (25),17,Diana Gurtskaya,Peace Will Come
Georgia,2010,F,136,9 (25),13,Sofia Nizharadze,Shine
Georgia,2011,F,110,9 (25),25,Eldrine,One More Day
Georgia,2013,F,50,15 (26),25,Nodi Tatishvili & Sophie Gelovani,Waterfall
Georgia,2015,F,51,11 (27),23,Nina Sublatti,Warrior
Georgia,2016,F,104,20 (26),23,Nika Kocharov and Young Georgian Lolitaz,Midnight Gold
Germany,1957,,8,4 (10),7,Margot Hielscher,"Telefon, Telefon"
Germany,1958,,5,7 (10),8,Margot Hielscher,Für Zwei Groschen Musik
Germany,1959,,5,8 (11),6,Alice and Ellen Kessler,Heut' Woll'n Wir Tanzen Geh'n
Germany,1960,,11,4 (13),11,Wyn Hoop,"Bonne Nuit, Ma Chérie!"
Germany,1961,,3,13 (16),8,Lale Andersen,Einmal Sehen Wir Uns Wieder
Germany,1962,,9,6 (16),7,Conny Froboess,Zwei Kleine Italiener
Germany,1963,,5,9 (16),3,Heidi Brühl,Marcel
Germany,1964,,0,13 (16),9,Nora Nova,Man Gewöhnt Sich So Schnell An Das Schöne
Germany,1965,,0,15 (18),5,Ulla Wiesner,"Paradies, Wo Bist Du?"
Germany,1966,,7,10 (18),1,Margot Eskens,Die Zeiger Der Uhr
Germany,1967,,7,8 (17),9,Inge Brück,Anouschka
Germany,1968,,11,6 (17),16,Wencke Myhre,Ein Hoch Der Liebe
Germany,1969,,8,9 (16),13,Siw Malmkvist,Primaballerina
Germany,1970,,12,3 (12),11,Katja Ebstein,Wunder Gibt Es Immer Wieder
Germany,1971,,100,3 (18),5,Katja Ebstein,Diese Welt
Germany,1972,,107,3 (18),1,Mary Roos,Nur Die Liebe Läßt Uns Leben
Germany,1973,,85,8 (17),4,Gitte,Junger Tag
Germany,1974,,3,14 (17),14,Cindy und Bert,Die Sommermelodie
Germany,1975,,15,17 (19),4,Joy Fleming,Ein Lied Kann Eine Brücke Sein
Germany,1976,,12,15 (18),3,Les Humphries Singers,"Sing, Sang, Song"
Germany,1977,,55,8 (18),6,Silver Convention,Telegram
Germany,1978,,84,6 (20),13,Ireen Sheer,Feuer
Germany,1979,,86,4 (19),9,Dschinghis Khan,Dschinghis Khan
Germany,1980,,128,2 (19),12,Katja Ebstein,Theater
Germany,1981,,132,2 (20),3,Lena Valaitis,Johnny Blue
Germany,1982,,161,1 (18),18,Nicole,Ein Bißchen Frieden
Germany,1983,,94,5 (20),14,Hoffmann und Hoffmann,Rücksicht
Germany,1984,,34,13 (19),14,Mary Roos,Aufrecht Geh'n
Germany,1985,,105,2 (19),10,Wind,Für Alle
Germany,1986,,62,8 (20),14,Ingrid Peters,Über Die Brücke Geh'n
Germany,1987,,141,2 (22),16,Wind,Laß Die Sonne In Dein Herz
Germany,1988,,48,14 (21),11,Maxi and Chris Garden,Lied Für Einen Freund
Germany,1989,,46,14 (22),21,Nino de Angelo,Flieger
Germany,1990,,60,9 (22),13,Chris Kempers and Daniel Kovac,Frei Zu Leben
Germany,1991,,10,18 (22),17,Atlantis 2000,Dieser Traum Darf Niemals Sterben
Germany,1992,,27,16 (23),22,Wind,Träume Sind Für Alle Da
Germany,1993,,18,18 (25),3,Münchener Freiheit,Viel Zu Weit
Germany,1994,,128,3 (25),14,MeKaDo,Wir Geben 'ne Party
Germany,1995,,1,23 (23),3,Stone and Stone,Verliebt In Dich
Germany,1997,,22,18 (25),11,Bianca Shomburg,Zeit
Germany,1998,,86,7 (25),9,Guildo Horn,Guildo Hat Euch Lieb
Germany,1999,,140,3 (23),21,Sürpriz,Reise Nach Jerusalem - Kudüs'e Seyahat
Germany,2000,,96,5 (24),15,Stefan Raab,Wadde Hadde Dudde Da
Germany,2001,,66,8 (23),19,Michelle,Wer Liebe Lebt
Germany,2002,,17,21 (24),18,Corinna May,I Can't Live Without Music
Germany,2003,,53,11 (26),10,Lou,Let's Get Happy
Germany,2004,F,93,8 (24),8,Max (Maximilian Mutzke),Can't Wait Until Tonight
Germany,2005,F,4,24 (24),17,Gracia,Run & Hide
Germany,2006,F,36,14 (24),8,Texas Lightning,"No, No, Never"
Germany,2007,F,49,19 (24),16,Roger Cicero,Frauen Regieren Die Welt
Germany,2008,F,14,23 (25),4,No Angels,Disappear
Germany,2009,F,35,20 (25),17,Alex Swings Oscar Sings!,Miss Kiss Kiss Bang
Germany,2010,F,246,1 (25),22,Lena,Satellite
Germany,2011,F,107,10 (25),16,Lena,Taken By A Stranger
Germany,2012,F,110,8 (26),20,Roman Lob,Standing Still
Germany,2013,F,18,21 (26),11,Cascada,Glorious
Germany,2014,F,39,18 (26),12,Elaiza,Is it right
Germany,2015,F,0,27 (27),17,Ann Sophie,Black Smoke
Germany,2016,F,11,26 (26),10,Jamie-Lee,Ghost
Germany,2017,F,6,25 (26),21,Levina,Perfect Life
Germany,2018,F,340,4 (26),11,Michael Schulte,You Let Me Walk Alone
Germany,2019,F,24,25 (26),4,S!sters,Sister
Germany,2021,F,3,25 (26),15,Jendrik,I Don't Feel Hate
Germany,2022,F,6,25 (25),13,Malik Harris,Rockstars
Greece,1974,,7,11 (17),5,Marinella,"Krassi, Thalassa Ke T'agori Mou"
Greece,1976,,20,13 (18),10,Mariza Koch,"Panaghia Mou, Panaghia Mou"
Greece,1977,,92,5 (18),10,"Pascalis, Marianna, Robert and Bessy",Mathema Solfege
Greece,1978,,66,8 (20),15,Tania Tsanaklidou,Charlie Chaplin
Greece,1979,,69,8 (19),7,Elpida,Socrates
Greece,1980,,30,13 (19),3,Anna Vissi and the Epikouri,Autostop
Greece,1981,,55,8 (20),17,Yiannis Dimitras,Feggari Kalokerino
Greece,1983,,32,14 (20),10,Christie,Mou Les
Greece,1985,,15,16 (19),19,Takis Biniaris,Miazoume
Greece,1987,,64,10 (22),11,Bang,Stop!
Greece,1988,,10,17 (21),14,Aphroditi Fryda,Kloun
Greece,1989,,56,9 (22),19,Marianna,To Diko Sou Asteri
Greece,1990,,11,19 (22),2,Christos Callow and Wave,Horis Skopo
Greece,1991,,36,13 (22),4,Sofia Vossou,I Anixi
Greece,1992,,94,5 (23),5,Cleopatra,Olou Tou Kosmou I Elpida
Greece,1993,,64,9 (25),6,Katerina Garbi,"Ellada, Hora Tou Fotos"
Greece,1994,,44,14 (25),19,Costas Bigalis and the Sea Lovers,To Trehantiri (diri Diri)
Greece,1995,,68,12 (23),23,Elina Constantopoulou,Pia Prossefchi
Greece,1996,,36,14 (23),10,Marianna Efstratiou,Emis Forame To Himona Anixiatika
Greece,1997,,39,12 (25),17,Marianna Zorba,Horepse
Greece,1998,,12,20 (25),2,Dionysia and Thalassa group,Mia Krifi Evaisthissia
Greece,2001,,147,3 (23),22,Antique,Die For You
Greece,2002,,27,17 (24),4,Michalis Rakintzis,S.A.G.A.P.O.
Greece,2003,,25,17 (26),17,Mando,Never Let You Go
Greece,2004,F,252,3 (24),16,Sakis Rouvas,Shake It
Greece,2005,F,230,1 (24),19,Helena Paparizou,My Number One
Greece,2006,F,128,9 (24),16,Anna Vissi,Everything
Greece,2007,F,139,7 (24),10,Sarbel,Yassou Maria
Greece,2008,F,218,3 (25),21,Kalomira,Secret Combination
Greece,2009,F,120,7 (25),8,Sakis Rouvas,This Is Our Night
Greece,2010,F,140,8 (25),11,Giorgos Alkaios & Friends,OPA
Greece,2011,F,120,7 (25),9,Loucas Yiorkas feat. Stereo Mike,Watch My Dance
Greece,2012,F,64,17 (26),16,Eleftheria Eleftheriou,Aphrodisiac
Greece,2013,F,152,6 (26),21,Koza Mostra feat. Agathon Iakovidis,Alcohol Is Free
Greece,2014,F,35,20 (26),10,Freaky Fortune feat. RiskyKidd,Rise Up
Greece,2015,F,23,19 (27),15,Maria Elena Kyriakou,One Last Breath
Greece,2017,F,77,19 (26),15,Demy,This is Love
Greece,2019,F,74,21 (26),13,Katerine Duska,Better Love
Greece,2021,F,170,10 (26),10,Stefania,Last Dance
Greece,2022,F,215,8 (25),17,Amanda Georgiadi Tenfjord,Die Together
Hungary,1994,,122,4 (25),22,Friderika Bayer,Kinek Mondjam El Vétkeimet
Hungary,1995,,3,22 (23),13,Czaba Szigeti,Ùj Nèv Egy Règi Hàz Fàlan
Hungary,1997,,39,12 (25),19,VIP,"Miert Kell, Hogy Elmenj?"
Hungary,1998,,4,23 (25),11,Charlie,A Holnap Már Ném Lesz Szomorú
Hungary,2005,F,97,12 (24),1,NOX,Forogj Világ
Hungary,2007,F,128,9 (24),8,Magdi Rúzsa,Unsubstantial Blues
Hungary,2011,F,53,22 (25),5,Kati Wolf,What About My Dreams?
Hungary,2012,F,19,24 (26),2,Compact Disco,Sound Of Our Hearts
Hungary,2013,F,84,10 (26),17,ByeAlex,Kedvesem (Zoohacker Remix)
Hungary,2014,F,143,5 (26),21,András Kállay-Saunders,Running
Hungary,2015,F,19,20 (27),22,Boogie,Wars For Nothing
Hungary,2016,F,108,19 (26),5,Freddie,Pioneer
Hungary,2017,F,200,8 (26),8,Joci Pápai,Origo
Hungary,2018,F,93,21 (26),21,AWS,Viszlát Nyár
Iceland,1986,,19,16 (20),6,Icy,Gleðibankinn
Iceland,1987,,28,16 (22),4,Halla Margarét,Hægt Og Hljótt
Iceland,1988,,20,16 (21),1,Beathoven,Sókrates
Iceland,1989,,0,22 (22),20,Daníel Augúst Haraldsson,Það Sem Enginn Sér
Iceland,1990,,124,4 (22),8,Stjórnin,Eitt Lag Enn
Iceland,1991,,26,15 (22),2,Stefán and Eyfi,Nina
Iceland,1992,,80,7 (23),11,Heart 2 Heart,Nei Eða Já
Iceland,1993,,42,13 (25),9,Inga,Þá Veistu Svarið
Iceland,1994,,49,12 (25),5,Sigga,Nætur
Iceland,1995,,31,15 (23),7,Bó Halldórsson,Núna
Iceland,1996,,51,13 (23),19,Anna Mjöll,Sjúbídú
Iceland,1997,,18,20 (25),25,Paul Oscar,Minn Hinsti Dans
Iceland,1999,,146,2 (23),13,Selma Björnsdóttir,All Out Of Luck
Iceland,2000,,45,12 (24),12,Einer Augúst Víðisson en Telma Augústdóttir,Tell Me!
Iceland,2001,,3,22 (23),2,TwoTricky,Angel
Iceland,2003,,81,8 (26),1,Birgitta,Open Your Heart
Iceland,2004,F,16,19 (24),17,Jónsi,Heaven
Iceland,2008,F,64,14 (25),11,Euroband,This Is My Life
Iceland,2009,F,218,2 (25),7,Yohanna,Is It True?
Iceland,2010,F,41,19 (25),16,Hera Björk,Je Ne Sais Quoi
Iceland,2011,F,61,20 (25),21,Sjonni's Friends,Coming Home
Iceland,2012,F,46,20 (26),7,Greta Salóme & Jónsi,Never Forget
Iceland,2013,F,47,17 (26),19,Eythor Ingi,Ég Á Líf
Iceland,2014,F,58,15 (26),4,Pollapönk,No Prejudice
Iceland,2019,F,232,10 (26),17,Hatari,Hatrið mun sigra
Iceland,2021,F,378,4 (26),12,Daði og Gagnamagnið,10 Years
Iceland,2022,F,20,23 (25),18,Systur,Með Hækkandi So?l
Ireland,1965,,11,6 (18),4,Butch Moore,I'm Walking The Streets In The Rain
Ireland,1966,,14,4 (18),17,Dickie Rock,Come Back To Stay
Ireland,1967,,22,2 (17),17,Sean Dunphy,If I Could Choose
Ireland,1968,,18,4 (17),14,Pat McGeegan,Chance Of A Lifetime
Ireland,1969,,10,7 (16),5,Muriel Day and the Lindsays,The Wages Of Love
Ireland,1970,,32,1 (12),12,Dana,All Kinds Of Everything
Ireland,1971,,79,11 (18),13,Angela Farrell,One Day Love
Ireland,1972,,72,15 (18),3,Sandie Jones,Ceol On Ghrá
Ireland,1973,,80,10 (17),14,Maxi,Do I Dream?
Ireland,1974,,11,7 (17),13,Tina,Cross Your Heart
Ireland,1975,,68,9 (19),2,The Swarbriggs,That's What Friends Are For
Ireland,1976,,54,10 (18),7,Red Hurley,When
Ireland,1977,,119,3 (18),1,The Swarbriggs Plus Two,It's Nice To Be In Love Again
Ireland,1978,,86,5 (20),1,Colm T. Wilkinson,Born To Sing
Ireland,1979,,80,5 (19),4,Cathal Dunne,Happy Man
Ireland,1980,,143,1 (19),17,Johnny Logan,What's Another Year
Ireland,1981,,105,5 (20),12,Sheeba,Horoscopes
Ireland,1982,,49,11 (18),17,The Duskeys,"Here Today, Gone Tomorrow"
Ireland,1984,,137,2 (19),9,Linda Martin,Terminal '3'
Ireland,1985,,91,6 (19),1,Maria Christian,Wait Until The Weekend Comes
Ireland,1986,,96,4 (20),12,Luv Bug,You Can Count On Me
Ireland,1987,,172,1 (22),20,Johnny Logan,Hold Me Now
Ireland,1988,,79,8 (21),10,Jump the Gun,Take Him Home
Ireland,1989,,21,18 (22),3,Kiev Connolly and the Missing Passengers,The Real Me
Ireland,1990,,132,2 (22),17,Liam Reilly,Somewhere In Europe
Ireland,1991,,47,10 (22),11,Kim Jackson,Could It Be That I'm In Love
Ireland,1992,,155,1 (23),17,Linda Martin,Why Me
Ireland,1993,,187,1 (25),14,Niamh Kavanagh,In Your Eyes
Ireland,1994,,226,1 (25),3,Paul Harrington and Charlie McGettigan,Rock 'n' Roll Kids
Ireland,1995,,44,14 (23),2,Eddie Friel,Dreamin'
Ireland,1996,,162,1 (23),17,Eimear Quinn,The Voice
Ireland,1997,,157,2 (25),5,Marc Roberts,Mysterious Woman
Ireland,1998,,64,9 (25),13,Dawn,Is Always Over Now?
Ireland,1999,,18,17 (23),17,The Mullan's,When You Need Me
Ireland,2000,,92,6 (24),23,Eamonn Toal,Millennium Of Love
Ireland,2001,,6,21 (23),12,Gary O'Shaughnessy,Without Your Love
Ireland,2003,,53,11 (26),3,Mickey Harte,We've Got The World
Ireland,2004,F,7,22 (24),18,Chris Doran,If My World Stopped Turning
Ireland,2006,F,93,10 (24),21,Brian Kennedy,Every Song Is A Cry For Love
Ireland,2007,F,5,24 (24),4,Dervish,They Can't Stop The Spring
Ireland,2010,F,25,23 (25),10,Niamh Kavanagh,It's For You
Ireland,2011,F,119,8 (25),6,Jedward,Lipstick
Ireland,2012,F,46,19 (26),23,Jedward,Waterline
Ireland,2013,F,5,26 (26),26,Ryan Dolan,Only Love Survives
Ireland,2018,F,136,16 (26),24,Ryan O'Shaughnessy,Together
Israel,1973,,97,4 (17),17,Ilanit,Ey-sham
Israel,1974,,11,7 (17),6,Poogy,Natati La Khaiai
Israel,1975,,40,11 (19),12,Shlomo Artzi,At Ve'ani
Israel,1976,,77,6 (18),4,"Chocolate, Menta, Mastik",Emor Shalom
Israel,1977,,49,11 (18),11,Ilanit,Ah-haa-vah Hee Shir Lish-naa-yim
Israel,1978,,157,1 (20),18,Izhar Cohen and the Alphabeta,Abanibi
Israel,1979,,125,1 (19),10,Milk and Honey,Hallelujah
Israel,1981,,56,7 (20),5,Habibi,Halaylah
Israel,1982,,100,2 (18),15,Avi Toledano,Hora
Israel,1983,,136,2 (20),16,Ofra Haza,Hi
Israel,1985,,93,5 (19),11,Izhar Cohen,Olé Olé
Israel,1986,,7,19 (20),11,Moti Galadi and Sarai Tzuriel,Yavoh Yom
Israel,1987,,73,8 (22),2,Datner and Kushnir,Shir Habatlanim
Israel,1988,,85,7 (21),8,Yardena Arazi,Ben Adam
Israel,1989,,50,12 (22),2,Gili ve Galit,Derech Ha'melech
Israel,1990,,16,18 (22),10,Rita,Shara Barechovot
Israel,1991,,139,3 (22),15,Duo Datz,Kan
Israel,1992,,85,6 (23),3,Dafna,Ze Rak Sport
Israel,1993,,4,24 (25),24,Lakahat Shiru,Shiru
Israel,1995,,81,8 (23),21,Liora,Amen
Israel,1998,,172,1 (25),8,Dana International,Diva
Israel,1999,,93,5 (23),19,Eden,Yom Huledeth
Israel,2000,,7,22 (24),1,Ping Pong,Sa'me'akh
Israel,2001,,25,16 (23),5,Tal Sondak,Ein Davar
Israel,2002,,37,12 (24),10,Sarit Hadad,Light A Candle
Israel,2003,,17,19 (26),13,Lior Narkis,Words For Love
Israel,2005,F,154,4 (24),11,Shiri Maymon,Hasheket Shenish'ar
Israel,2006,F,4,23 (24),3,Eddie Butler,Ze Hazman
Israel,2008,F,124,9 (25),7,Boaz,The Fire In Your Eyes
Israel,2009,F,53,16 (25),2,Noa & Mira Awad,There Must Be Another Way
Israel,2010,F,71,14 (25),24,Harel Skaat,Milim
Israel,2015,F,97,9 (27),3,Nadav Guedj,Golden Boy
Israel,2016,F,135,14 (26),7,Hovi Star,Made Of Stars
Israel,2017,F,39,23 (26),1,IMRI,I Feel Alive
Israel,2018,F,529,1 (26),22,Netta,TOY
Israel,2019,F,35,23 (26),14,Kobi Marimi,Home
Israel,2021,F,93,17 (26),3,Eden Alene,Set Me Free
Italy,1957,,7,6 (10),4,Nunzio Gallo,Corde Della Mia Chitarra
Italy,1958,,13,3 (10),1,Domenico Modugno,Nel Blu Dipinto Di Blu
Italy,1959,,9,6 (11),3,Domenico Modugno,Piove
Italy,1960,,5,8 (13),12,Renato Rascel,Romantica
Italy,1961,,12,5 (16),16,Betty Curtis,Al Di Là
Italy,1962,,3,9 (16),15,Claudio Villa,"Addio, Addio"
Italy,1963,,37,3 (16),6,Emilio Pericoli,Uno Per Tutte
Italy,1964,,49,1 (16),12,Gigliola Cinquetti,Non Ho L'étà
Italy,1965,,15,5 (18),13,Bobby Solo,"Se Piangi, Se Ridi"
Italy,1966,,0,17 (18),14,Domenico Modugno,Dio Come Ti Amo
Italy,1967,,4,11 (17),16,Claudio Villa,Non Andare Più Lontano
Italy,1968,,7,10 (17),11,Sergio Endrigo,Marianne
Italy,1969,,5,13 (16),6,Iva Zanicchi,Due Grosse Lacrime Bianche
Italy,1970,,5,8 (12),3,Gianni Morandi,Occhi Di Ragazza
Italy,1971,,91,5 (18),11,Massimo Ranieri,L'amore è Un Attimo
Italy,1972,,92,6 (18),12,Nicola di Bari,I Giorni Dell' Arcobaleno
Italy,1973,,74,13 (17),10,Massimo Ranieri,Chi Sarà Con Te
Italy,1974,,18,2 (17),17,Gigliola Cinquetti,Si
Italy,1975,,115,3 (19),19,Wess and Dori Ghezzi,Era
Italy,1976,,69,7 (18),13,Romina and Al Bano,We'll Live It All Again
Italy,1977,,33,13 (18),15,Mia Martini,Liberà
Italy,1978,,53,12 (20),3,Ricchi e Poveri,Questo Amore
Italy,1979,,27,15 (19),2,Matia Bazar,Raggio Di Luna
Italy,1980,,87,6 (19),6,Alan Sorrenti,Non So Che Darei
Italy,1983,,41,11 (20),5,Riccardo Fogli,Per Lucia
Italy,1984,,70,5 (19),18,Alice and Battiato,I Treni Di Tozeur
Italy,1985,,78,7 (19),12,Al Bano and Romina Power,"Magic, Oh Magic"
Italy,1987,,103,3 (22),7,Umberto Tozzi and Raf,Gente Di Mare
Italy,1988,,52,12 (21),18,Luca Barbarossa,Ti Scrivo
Italy,1989,,56,9 (22),1,Anna Oxa and Fausto Leali,Avrei Voluto
Italy,1990,,149,1 (22),19,Toto Cutugno,Insieme: 1992
Italy,1991,,89,7 (22),22,Peppino di Capri,Comme E' Ddoce 'o Mare
Italy,1992,,111,4 (23),19,Mia Martini,Rapsodia
Italy,1993,,45,12 (25),1,Enrico Ruggeri,Sole D'europa
Italy,1997,,114,4 (25),9,Jalisse,Fiumi Di Parole
Italy,2011,F,189,2 (25),12,Raphael Gualazzi,Madness Of Love
Italy,2012,F,101,9 (26),10,Nina Zilli,L'Amore È Femmina (Out Of Love)
Italy,2013,F,126,7 (26),23,Marco Mengoni,L'Essenziale
Italy,2014,F,33,21 (26),16,Emma,La Mia Città
Italy,2015,F,292,3 (27),27,Il Volo,Grande Amore
Italy,2016,F,124,16 (26),6,Francesca Michielin,No Degree Of Separation
Italy,2017,F,334,6 (26),9,Francesco Gabbani,Occidentali's Karma
Italy,2018,F,308,5 (26),26,Ermal Meta e Fabrizio Moro,Non Mi Avete Fatto Niente
Italy,2019,F,472,2 (26),22,Mahmood,Soldi
Italy,2021,F,524,1 (26),24,Måneskin,Zitti E Buoni
Italy,2022,F,268,6 (25),9,Mahmood & Blanco,Brividi
Latvia,2000,,136,3 (24),21,BrainStorm,My Star
Latvia,2001,,16,18 (23),9,Arnis Mednis,Too Much
Latvia,2002,,176,1 (24),23,Marie N,I Wanna
Latvia,2003,,5,24 (26),21,F.L.Y.,Hello From Mars
Latvia,2005,F,153,5 (24),23,Walter & Kazha,The War Is Not Over
Latvia,2006,F,30,16 (24),4,Cosmos,I Hear Your Heart
Latvia,2007,F,54,16 (24),14,Bonaparti.lv,Questa Notte
Latvia,2008,F,83,12 (25),14,Pirates Of The Sea,Wolves Of The Sea
Latvia,2015,F,186,6 (27),19,Aminata,Love Injected
Latvia,2016,F,132,15 (26),20,Justs,Heartbeat
Lithuania,1994,,0,25 (25),16,Ovidijus Vysniauskas,Lopsine Mylimai
Lithuania,1999,,13,20 (23),1,Aiste Smilgeviciute,Strazdas
Lithuania,2001,,35,13 (23),8,Skamp,You Got Style
Lithuania,2002,,12,23 (24),24,Aivaras,Happy You
Lithuania,2006,F,162,6 (24),14,LT United,We Are The Winners
Lithuania,2007,F,28,21 (24),9,4Fun,Love Or Leave
Lithuania,2009,F,23,23 (25),1,Sasha Son,Love
Lithuania,2011,F,63,19 (25),4,Evelina Sašenko,C'est Ma Vie
Lithuania,2012,F,70,14 (26),4,Donny Montell,Love Is Blind
Lithuania,2013,F,17,22 (26),2,Andrius Pojavis,Something
Lithuania,2015,F,30,18 (27),7,Monika Linkyt? and Vaidas Baumila,This Time
Lithuania,2016,F,200,9 (26),16,Donny Montell,I've Been Waiting For This Night
Lithuania,2018,F,181,12 (26),4,Ieva Zasimauskait?,When We're Old
Lithuania,2021,F,220,8 (26),18,The Roop,Discoteque
Lithuania,2022,F,128,14 (25),14,Monika Liu,Sentimentai
Luxembourg,1957,,8,4 (10),2,Danièle Dupré,Tant De Peine
Luxembourg,1958,,1,9 (10),4,Solange Berry,Un Grand Amour
Luxembourg,1960,,1,13 (13),3,Camillo Felgen,So Laang We's Du Do Bast
Luxembourg,1961,,31,1 (16),14,Jean-Claude Pascal,Nous Les Amoureux
Luxembourg,1962,,11,3 (16),14,Camillo Felgen,Petit Bonhomme
Luxembourg,1963,,13,8 (16),16,Nana Mouskouri,A Force De Prier
Luxembourg,1964,,14,4 (16),1,Hugues Aufray,Dès Que Le Printemps Revient
Luxembourg,1965,,32,1 (18),15,France Gall,"Poupée De Cire, Poupée De Son"
Luxembourg,1966,,7,10 (18),4,Michèle Torr,Ce Soir Je T'attendais
Luxembourg,1967,,17,4 (17),2,Vicky,L'amour Est Bleu
Luxembourg,1968,,5,11 (17),5,Chris Baldo and Sophie Garel,Nous Vivrons D'amour
Luxembourg,1969,,7,11 (16),2,Romuald,Cathérine
Luxembourg,1970,,0,12 (12),8,David-Alexandre Winter,Je Suis Tombé Du Ciel
Luxembourg,1971,,70,13 (18),8,Monique Melsen,"Pomme, Pomme, Pomme"
Luxembourg,1972,,128,1 (18),17,Vicky Leandros,Après Toi
Luxembourg,1973,,129,1 (17),11,Anne-Marie David,Tu Te Reconnaîtras
Luxembourg,1974,,14,4 (17),9,Ireen Sheer,"Bye, Bye, I Love You"
Luxembourg,1975,,84,5 (19),5,Géraldine,Toi
Luxembourg,1976,,17,14 (18),5,Jürgen Marcus,Chansons Pour Ceux Qui S'aiment
Luxembourg,1977,,17,16 (18),7,Anne Marie B.,Frère Jacques
Luxembourg,1978,,73,7 (20),17,Baccara,Parlez-vous Français?
Luxembourg,1979,,44,13 (19),13,Jeane Manson,J'ai Déjà Vu ça Dans Tes Yeux
Luxembourg,1980,,56,9 (19),4,Sophie and Magaly,Papa Pingouin
Luxembourg,1981,,41,11 (20),4,Jean-Claude Pascal,C'est Peut-être Pas L'amérique
Luxembourg,1982,,78,6 (18),2,Svetlana,Cours Après Le Temps
Luxembourg,1983,,142,1 (20),20,Corinne Hermès,Si La Vie Est Cadeau
Luxembourg,1984,,39,10 (19),2,Sophie Carle,100% D'amour
Luxembourg,1985,,37,13 (19),18,"Margo, Franck Olivier, Diane Solomon, Ireen Sheer, Malcolm Roberts,Chris Roberts","Children, Kinder, Enfants"
Luxembourg,1986,,117,3 (20),1,Sherisse Laurence,L'amour De Ma Vie
Luxembourg,1987,,4,21 (22),13,Plastic Bertrand,Amour Amour
Luxembourg,1988,,90,4 (21),17,Lara Fabian,Croire
Luxembourg,1989,,8,20 (22),11,Park Café,Monsieur
Luxembourg,1990,,38,13 (22),6,Céline Carzo,Quand Je Te Rêve
Luxembourg,1991,,29,14 (22),7,Sarah Bray,Un Baiser Volé
Luxembourg,1992,,10,21 (23),14,Marion Welter and Kontinent,Sou Fräi
Luxembourg,1993,,11,20 (25),15,Modern Times,Donne-moi Une Chance
FYR Macedonia,1998,,16,19 (25),25,Vlado Janevski,"Ne Zori, Zoro"
FYR Macedonia,2000,,29,15 (24),19,XXL,100% Te Ljubam
FYR Macedonia,2002,,25,19 (24),9,Karolina,Od Nas Zavisi
FYR Macedonia,2004,F,47,14 (24),15,Tose Proeski,Life
FYR Macedonia,2005,F,52,17 (24),15,Martin Vucic,Make My Day
FYR Macedonia,2006,F,56,12 (24),11,Elena Risteska,Ninanajna
FYR Macedonia,2007,F,73,14 (24),6,Karolina,Mojot Svet
FYR Macedonia,2012,F,71,13 (26),22,Kaliopi,Crno I Belo
FYR Macedonia,2019,F,305,7 (26),8,Tamara Todevska,Proud
Malta,1971,,52,18 (18),2,Joe Grech,Marija L-maltija
Malta,1972,,48,18 (18),9,Helen and Joseph,L-imhabba
Malta,1975,,32,12 (19),10,Renato,Singing This Song
Malta,1991,,106,6 (22),3,Paul Giordimaina and Georgina,Could It Be
Malta,1992,,123,3 (23),10,Mary Spiteri,Little Child
Malta,1993,,69,8 (25),8,William Mangion,This Time
Malta,1994,,97,5 (25),12,Moira Stafrace and Christopher Scicluna,More Than Love
Malta,1995,,76,10 (23),22,Mike Spiteri,Keep Me In Mind
Malta,1996,,68,10 (23),6,Miriam Christine,In A Woman's Heart
Malta,1997,,66,9 (25),18,Debbie Scerri,Let Me Fly
Malta,1998,,165,3 (25),10,Chiara,The One That I Love
Malta,1999,,32,15 (23),20,Times 3,Believe 'n Peace
Malta,2000,,73,8 (24),7,Claudette Pace,Desire
Malta,2001,,48,9 (23),21,Fabrizio Faniello,Another Summer Night
Malta,2002,,164,2 (24),20,Ira Losco,7th Wonder
Malta,2003,,4,25 (26),5,Lynn Chirchop,To Dream Again
Malta,2004,F,50,12 (24),6,Julie & Ludwig,On Again... Off Again
Malta,2005,F,192,2 (24),3,Chiara,Angel
Malta,2006,F,1,24 (24),7,Fabrizio Faniello,I Do
Malta,2009,F,31,22 (25),14,Chiara,What If We
Malta,2012,F,41,21 (26),21,Kurt Calleja,This Is The Night
Malta,2013,F,120,8 (26),9,Gianluca,Tomorrow
Malta,2014,F,32,23 (26),22,Firelight,Coming Home
Malta,2016,F,153,12 (26),22,Ira Losco,Walk On Walter
Malta,2019,F,107,14 (26),1,Michela,Chameleon
Malta,2021,F,255,7 (26),6,Destiny,Je Me Casse
Moldova,2005,F,148,6 (24),7,Zdob si Zdub,Boonika Bate Toba
Moldova,2006,F,22,20 (24),2,Arsenium & Natalia Gordienko,Loca
Moldova,2007,F,109,10 (24),24,Natalia Barbu,Fight
Moldova,2009,F,69,14 (25),13,Nelly Ciobanu,Hora Din Moldova
Moldova,2010,F,27,22 (25),4,Sunstroke Project & Olia Tira,Run Away
Moldova,2011,F,97,12 (25),15,Zdob ?i Zdub,So Lucky
Moldova,2012,F,81,11 (26),26,Pasha Parfeny,L?utar
Moldova,2013,F,71,11 (26),3,Aliona Moon,O Mie
Moldova,2017,F,374,3 (26),7,Sunstroke Project,Hey Mamma
Moldova,2018,F,209,10 (26),19,DoReDos,My Lucky Day
Moldova,2021,F,115,13 (26),14,Natalia Gordienko,SUGAR
Moldova,2022,F,253,7 (25),19,Zdob ?i Zdub & Fra?ii Advahov,Trenule?ul
Monaco,1959,,1,11 (11),4,Jacques Pills,Mon Ami Pierrot
Monaco,1960,,15,3 (13),8,François Deguelt,Ce Soir-là
Monaco,1961,,6,10 (16),2,Colette Deréal,"Allons, Allons Les Enfants"
Monaco,1962,,13,2 (16),16,François Deguelt,Dis Rien
Monaco,1963,,25,5 (16),15,Françoise Hardy,L'amour S'en Va
Monaco,1964,,15,3 (16),10,Romuald,Où Sont-elles Passées?
Monaco,1965,,7,9 (18),9,Marjorie Noël,Va Dire à L'amour
Monaco,1966,,0,17 (18),13,Tereza,Bien Plus Fort
Monaco,1967,,10,5 (17),14,Minouche Barelli,Boum-badaboum
Monaco,1968,,8,7 (17),7,Line and Willy,A Chacun Sa Chanson
Monaco,1969,,11,6 (16),4,Jean-Jacques,"Maman, Maman"
Monaco,1970,,5,8 (12),10,Dominique Dussault,Marlène
Monaco,1971,,128,1 (18),3,Séverine,"Un Banc, Un Arbre, Une Rue"
Monaco,1972,,65,16 (18),15,Anne-Marie Godart and Peter MacLane,Comme On S'aime
Monaco,1973,,85,8 (17),6,Marie,Un Train Qui Part
Monaco,1974,,14,4 (17),10,Romuald,Celui Qui Reste Et Celui Qui S'en Va
Monaco,1975,,22,13 (19),14,Sophie,Une Chanson C'est Une Lettre
Monaco,1976,,93,3 (18),16,Mary Christy,"Toi, La Musique Et Moi"
Monaco,1977,,96,4 (18),2,Michèle Torr,Une Petite Française
Monaco,1978,,107,4 (20),14,Caline and Olivier Toussaint,Les Jardins De Monaco
Monaco,1979,,12,16 (19),6,Laurent Vaguener,"Notre Vie, C'est La Musique"
Montenegro,2014,F,37,19 (26),8,Sergej ?etkovi?,Moj Svijet
Montenegro,2015,F,44,13 (27),16,Knez,Adio
Morocco,1980,,7,18 (19),5,Samira Bensaïd,Bitakat Hob
Netherlands,1957,,31,1 (10),6,Corry Brokken,Net Als Toen
Netherlands,1958,,1,9 (10),2,Corry Brokken,Heel De Wereld
Netherlands,1959,,21,1 (11),5,Teddy Scholten,Een Beetje
Netherlands,1960,,2,12 (13),10,Rudi Carrell,Wat Een Geluk
Netherlands,1961,,6,10 (16),6,Greetje Kauffeld,Wat Een Dag
Netherlands,1962,,0,13 (16),8,De Spelbrekers,Katinka
Netherlands,1963,,0,13 (16),2,Annie Palmen,Een Speeldoos
Netherlands,1964,,2,10 (16),2,Anneke Grönloh,Jij Bent Mijn Leven
Netherlands,1965,,5,11 (18),1,Conny Van den bos,Het Is Genoeg
Netherlands,1966,,2,15 (18),16,Milly Scott,Fernando En Philippo
Netherlands,1967,,2,14 (17),1,Thérèse Steinmetz,Ring-dinge
Netherlands,1968,,1,16 (17),2,Ronnie Tober,Morgen
Netherlands,1969,,18,1 (16),8,Lenny Kuhr,De Troubadour
Netherlands,1970,,7,7 (12),1,Patricia and Hearts of Soul,Waterman
Netherlands,1971,,85,6 (18),14,Saskia and Serge,De Tijd
Netherlands,1972,,106,4 (18),18,Sandra and Andres,Als Het Om De Liefde Gaat
Netherlands,1973,,69,14 (17),13,Ben Cramer,De Oude Muzikant
Netherlands,1974,,15,3 (17),12,Mouth and MacNeal,I See A Star
Netherlands,1975,,152,1 (19),1,Teach-In,Ding-A-Dong
Netherlands,1976,,56,9 (18),8,Sandra Reemer,The Party's Over Now
Netherlands,1977,,35,12 (18),3,Heddy Lester,De Mallemolen
Netherlands,1978,,37,13 (20),11,Harmony,'t Is Ok
Netherlands,1979,,51,12 (19),14,Xandra,Colorado
Netherlands,1980,,93,5 (19),15,Maggie MacNeal,Amsterdam
Netherlands,1981,,51,9 (20),11,Linda Williams,Het Is Een Wonder
Netherlands,1982,,8,16 (18),16,Bill van Dijk,Jij En Ik
Netherlands,1983,,66,7 (20),11,Bernadette,Sing Me A Song
Netherlands,1984,,34,13 (19),11,Maribelle,Ik Hou Van Jou
Netherlands,1986,,40,13 (20),7,Frizzle Sizzle,Alles Heeft Ritme
Netherlands,1987,,83,5 (22),12,Marcha,Rechtop In De Wind
Netherlands,1988,,70,9 (21),7,Gerard Joling,Shangri-la
Netherlands,1989,,45,15 (22),4,Justine Pelmelay,Blijf Zoals Je Bent
Netherlands,1990,,25,15 (22),5,Maywood,Ik Wil Alles Met Je Delen
Netherlands,1992,,67,9 (23),23,Humphrey Campbell,Wijs Me De Weg
Netherlands,1993,,92,6 (25),20,Ruth Jacott,Vrede
Netherlands,1994,,4,23 (25),13,Willeke Alberti,Waar Is De Zon
Netherlands,1996,,78,7 (23),15,Maxine and Franklin Brown,De Eerste Keer
Netherlands,1997,,5,22 (25),8,Mrs. Einstein,Niemand Heeft Nog Tijd
Netherlands,1998,,150,4 (25),18,Edsilia Rombley,Hemel En Aarde
Netherlands,1999,,71,8 (23),11,Marlayne,One Good Reason
Netherlands,2000,,40,13 (24),2,Linda Wagenmakers,No Goodbyes
Netherlands,2001,,16,18 (23),1,Michelle,Out On My Own
Netherlands,2003,,45,13 (26),14,Esther Hart,One More Night
Netherlands,2004,F,11,20 (24),7,Re-union,Without You
Netherlands,2013,F,114,9 (26),13,Anouk,Birds
Netherlands,2014,F,238,2 (26),24,The Common Linnets,Calm After The Storm
Netherlands,2016,F,153,11 (26),3,Douwe Bob,Slow Down
Netherlands,2017,F,150,11 (26),6,OG3NE,Lights and Shadows
Netherlands,2018,F,121,18 (26),23,Waylon,Outlaw In 'Em
Netherlands,2019,F,498,1 (26),12,Duncan Laurence,Arcade
Netherlands,2021,F,11,23 (26),23,Jeangu Macrooy,Birth Of A New Age
Netherlands,2022,F,171,11 (25),11,S10,De Diepte
Norway,1960,,11,4 (13),6,Nora Brockstedt,Voi-voi
Norway,1961,,10,7 (16),12,Nora Brockstedt,Sommer I Palma
Norway,1962,,2,10 (16),10,Inger Jacobsen,"Kom Sol, Kom Regn"
Norway,1963,,0,13 (16),5,Anita Thallaug,Solhverv
Norway,1964,,6,8 (16),3,Arne Bendiksen,Spiral
Norway,1965,,1,13 (18),7,Kirsti Sparboe,Karusell
Norway,1966,,15,3 (18),6,Åse Kleveland,Intet Er Nytt Under Solen
Norway,1967,,2,14 (17),13,Kirsti Sparboe,Dukkemann
Norway,1968,,2,13 (17),13,Odd Børre,Stress
Norway,1969,,1,16 (16),12,Kirsti Sparboe,"Oj, Oj, Oj, Så Glad, Jeg Skal Bli"
Norway,1971,,65,17 (18),18,Hanne Krogh,Lykken Er...
Norway,1972,,73,14 (18),6,Grethe Kausland and Benny Borg,Småting
Norway,1973,,89,7 (17),5,Bendik Singers,It's Just A Game
Norway,1974,,3,14 (17),4,Anne-Karine Ström and the Bendik Singers,The First Day Of Love
Norway,1975,,11,18 (19),6,Ellen Nikolaysen,You Touched My Life With Summer
Norway,1976,,7,18 (18),9,Anne-Karine Ström,Mata Hari
Norway,1977,,18,14 (18),5,Anita Skorgan,Casanova
Norway,1978,,0,20 (20),2,Jahn Teigen,Mil Etter Mil
Norway,1979,,57,11 (19),16,Anita Skorgan,Oliver
Norway,1980,,15,16 (19),11,Sverre Kjellsberg and Mattis Hætta,Sámiid Ædnan
Norway,1981,,0,20 (20),13,Finn Kalvik,Aldri I Livet
Norway,1982,,40,12 (18),3,Jahn Teigen and Anita Skorgan,Adieu
Norway,1983,,53,9 (20),2,Jahn Teigen,Do Re Mi
Norway,1984,,29,17 (19),5,Dollie de Luxe,Lenge Leve Livet
Norway,1985,,123,1 (19),13,Bobbysocks,La Det Swinge
Norway,1986,,44,12 (20),4,Ketil Stokkan,Romeo
Norway,1987,,65,9 (22),1,Kate Gulbrandsen,Mitt Liv
Norway,1988,,88,5 (21),15,Karoline Krüger,For Vår Jord
Norway,1989,,30,17 (22),8,Britt Synnøve Johansen,Venners Nærhet
Norway,1990,,8,21 (22),9,Ketil Stokkan,Brandenburger Tor
Norway,1991,,14,17 (22),14,Just 4 Fun,Mrs. Thompson
Norway,1992,,23,18 (23),21,Merethe Trøan,Visjoner
Norway,1993,,120,5 (25),25,Silje Vige,Alle Mine Tankar
Norway,1994,,76,6 (25),17,Elisabeth Andreasson and Jan Werner Danielsen,Duett
Norway,1995,,148,1 (23),5,Secret Garden,Nocturne
Norway,1996,,114,2 (23),12,Elisabeth Andreasson,I Evighet
Norway,1997,,0,24 (25),3,Tor Endresen,San Francisco
Norway,1998,,79,8 (25),22,Lars A. Fredriksen,Alltid Sommer
Norway,1999,,35,14 (23),8,Stig André Van Eijk,Living My Life Without You
Norway,2000,,57,11 (24),8,Charmed,My Heart Goes Boom
Norway,2001,,3,22 (23),4,Haldor Lægreid,On My Own
Norway,2003,,123,4 (26),18,Jostein Hasselgård,I'm Not Afraid To Move On
Norway,2004,F,3,24 (24),3,Knut Anders Sørum,High
Norway,2005,F,125,9 (24),5,Wig Wam,In My Dreams
Norway,2006,F,36,14 (24),5,Christine Guldbrandsen,Alvedansen
Norway,2008,F,182,5 (25),25,Maria,Hold On Be Strong
Norway,2009,F,387,1 (25),20,Alexander Rybak,Fairytale
Norway,2010,F,35,20 (25),3,Didrik Solli-Tangen,My Heart Is Yours
Norway,2012,F,7,26 (26),12,Tooji,Stay
Norway,2013,F,191,4 (26),24,Margaret Berger,I Feed You My Love
Norway,2014,F,88,8 (26),5,Carl Espen,Silent Storm
Norway,2015,F,102,8 (27),9,Mørland & Debrah Scarlett,A Monster Like Me
Norway,2017,F,158,10 (26),17,JOWST,Grab The Moment
Norway,2018,F,144,15 (26),7,Alexander Rybak,That's How You Write A Song
Norway,2019,F,331,6 (26),15,KEiiNO,Spirit in the Sky
Norway,2021,F,75,18 (26),22,TIX,Fallen Angel
Norway,2022,F,182,10 (25),7,Subwoolfer,Give That Wolf A Banana
Poland,1994,,166,2 (25),24,Edyta Górniak,To Nie Ja!
Poland,1995,,15,18 (23),1,Justyna,Sama
Poland,1996,,31,15 (23),20,Kasia Kowalska,Chce Znac Swój Grzech
Poland,1997,,54,11 (25),12,Anna Maria Jopek,Ale Jestem
Poland,1998,,19,17 (25),7,Sixteen,To Takie Proste
Poland,1999,,17,18 (23),12,Mietek (Mieczyslaw) Szczesniak,Przytul Mnie Mocno
Poland,2001,,11,20 (23),18,Piasek,2 Long
Poland,2003,,90,7 (26),20,Ich Troje,Keine Grenzen - Zadnych Granic
Poland,2004,F,27,17 (24),19,Blue Cafe,Love Song
Poland,2008,F,14,24 (25),10,Isis Gee,For Life
Poland,2014,F,62,14 (26),9,Donatan & Cleo,My S?owianie - We Are Slavic
Poland,2015,F,10,23 (27),18,Monika Kuszy?ska,In The Name Of Love
Poland,2016,F,229,8 (26),12,Micha? Szpak,Color Of Your Life
Poland,2017,F,64,22 (26),2,Kasia Mo?,Flashlight
Poland,2022,F,151,12 (25),23,Ochman,River
Portugal,1964,,0,13 (16),11,António Calvário,Oração
Portugal,1965,,1,13 (18),12,Simone de Oliviera,Sol De Inverno
Portugal,1966,,6,13 (18),8,Madalena Iglesias,Ele E Ela
Portugal,1967,,3,12 (17),5,Eduardo Nascimento,O Vento Mudou
Portugal,1968,,5,11 (17),1,Carlos Mendes,Verão
Portugal,1969,,4,15 (16),15,Simone de Oliveira,Desfolhada Portuguesa
Portugal,1971,,83,9 (18),15,Tonicha,Menina Do Alto Da Serra
Portugal,1972,,90,7 (18),7,Carlos Mendes,A Festa Da Vida
Portugal,1973,,80,10 (17),3,Fernando Tordo,Tourada
Portugal,1974,,3,14 (17),16,Paulo de Carvalho,E Depois Do Adeus
Portugal,1975,,16,16 (19),16,Duarte Mendes,Madrugada
Portugal,1976,,24,12 (18),15,Carlos do Carmo,Uma Flor De Verde Pinho
Portugal,1977,,18,14 (18),8,Os Amigos,Portugal No Coração
Portugal,1978,,5,17 (20),5,Gemini,Dai-li-dou
Portugal,1979,,64,9 (19),1,Manuela Bravo,"Sobe, Sobe, Balão Sobe"
Portugal,1980,,71,7 (19),14,José Cid,"Um Grande, Grande Amor"
Portugal,1981,,9,18 (20),15,Carlos Paião,Play-back
Portugal,1982,,32,13 (18),1,Doce,Bem-bom
Portugal,1983,,33,13 (20),17,Armando Gama,Esta Balada Que Te Dou
Portugal,1984,,38,11 (19),19,Maria Guinot,Silêncio E Tanta Gente
Portugal,1985,,9,18 (19),9,Adelaïde,"Penso Em Ti, Eu Sei"
Portugal,1986,,28,14 (20),20,Dora,Não Sejas Mau Para Mim
Portugal,1987,,15,18 (22),8,Nevada,Neste Barco à Vela
Portugal,1988,,5,18 (21),20,Dora,Voltarei
Portugal,1989,,39,16 (22),9,Da Vinci,Conquistador
Portugal,1990,,9,20 (22),16,Nucha,Há Sempre Alguém
Portugal,1991,,62,8 (22),12,Dulce,Lusitana Paixão
Portugal,1992,,26,17 (23),8,Diná,Amor D'água Fresca
Portugal,1993,,60,10 (25),11,Anabela,A Cidade Até Ser Dia
Portugal,1994,,73,8 (25),8,Sara Tavares,Chamar A Música
Portugal,1995,,5,21 (23),16,Tó Cruz,Baunilha E Chocolate
Portugal,1996,,92,6 (23),4,Lúcia Moniz,O Meu Coração Não Tem Cor
Portugal,1997,,0,24 (25),15,Célia Lawson,Antes Do Adeus
Portugal,1998,,36,12 (25),14,Alma Lusa,Se Eu Te Pudesse Abraçar
Portugal,1999,,12,21 (23),16,Rui Bandeira,Como Tudo Começou
Portugal,2001,,18,17 (23),11,MTM,Só Sei Ser Feliz Assim
Portugal,2003,,13,22 (26),7,Rita Guerra,Deixa-me Sonhar
Portugal,2008,F,69,13 (25),13,Vânia Fernandes,Senhora Do Mar (Negras Águas)
Portugal,2009,F,57,15 (25),6,Flor-de-lis,Todas As Ruas Do Amor
Portugal,2010,F,43,18 (25),23,Filipa Azevedo,Há Dias Assim
Portugal,2017,F,758,1 (26),11,Salvador Sobral,Amar Pelos Dois
Portugal,2018,F,39,26 (26),8,Cláudia Pascoal,O Jardim
Portugal,2021,F,153,12 (26),7,The Black Mamba,Love Is On My Side
Portugal,2022,F,207,9 (25),3,MARO,"Saudade, Saudade"
Romania,1994,,14,21 (25),11,Dan Bittman,Dincolo De Nori
Romania,1998,,6,22 (25),15,Malina Olinescu,Eu Cred
Romania,2000,,25,17 (24),6,Taxi,The Moon
Romania,2002,,71,9 (24),21,Monica Anghel & Marcel Pavel,Tell Me Why
Romania,2003,,73,10 (26),24,Nicola,Don't Break My Heart
Romania,2004,F,18,18 (24),23,Sanda Ladosi,I Admit
Romania,2005,F,158,3 (24),4,Luminita Anghel & Sistem,Let Me Try
Romania,2006,F,172,4 (24),12,Mihai Traistariu,Tornero
Romania,2007,F,84,13 (24),20,Todomondo,"Liubi, Liubi, I Love You"
Romania,2008,F,45,20 (25),1,Nico & Vlad,Pe-o Margine De Lume
Romania,2009,F,40,19 (25),22,Elena,The Balkan Girls
Romania,2010,F,162,3 (25),19,Paula Seling & Ovi,Playing With Fire
Romania,2011,F,77,17 (25),17,Hotel FM,Change
Romania,2012,F,71,12 (26),14,Mandinga,Zaleilah
Romania,2013,F,65,13 (26),14,Cezar,It's My Life
Romania,2014,F,72,12 (26),6,Paula Seling & OVI,Miracle
Romania,2015,F,35,15 (27),20,Voltaj,De La Capat / All Over Again
Romania,2017,F,282,7 (26),20,Ilinca ft. Alex Florea,Yodel It!
Romania,2022,F,65,18 (25),2,WRS,Llámame
Russia,1994,,70,9 (25),23,Youddiph,Vechni Stranik
Russia,1995,,17,17 (23),6,Philipp Kirkorov,Kolybelnaya Dlya Vulkana
Russia,1997,,33,15 (25),20,Alla Pugachova,Primadonna
Russia,2000,,155,2 (24),9,Alsou,Solo
Russia,2001,,37,12 (23),6,Mumiy troll,Lady Alpine Blue
Russia,2002,,55,10 (24),7,Prime minister,Northern Girl
Russia,2003,,164,3 (26),11,t.A.T.u.,"Ne Ver', Ne Boisia"
Russia,2004,F,67,11 (24),14,Julia Savicheva,Believe Me
Russia,2005,F,57,15 (24),20,Natalia Podolskaya,Nobody Hurt No One
Russia,2006,F,248,2 (24),10,Dima Bilan,Never Let You Go
Russia,2007,F,207,3 (24),15,Serebro,Song # 1
Russia,2008,F,272,1 (25),24,Dima Bilan,Believe
Russia,2009,F,91,11 (25),10,Anastasia Prikhodko,Mamo
Russia,2010,F,90,11 (25),20,Peter Nalitch & Friends,Lost And Forgotten
Russia,2011,F,77,16 (25),10,Alexej Vorobjov,Get You
Russia,2012,F,259,2 (26),6,Buranovskiye Babushki,Party For Everybody
Russia,2013,F,174,5 (26),10,Dina Garipova,What If
Russia,2014,F,89,7 (26),15,Tolmachevy Sisters,Shine
Russia,2015,F,303,2 (27),25,Polina Gagarina,A Million Voices
Russia,2016,F,491,3 (26),18,Sergey Lazarev,You Are The Only One
Russia,2019,F,370,3 (26),5,Sergey Lazarev,Scream
Russia,2021,F,204,9 (26),5,Manizha,Russian Woman
San Marino,2014,F,14,24 (26),25,Valentina Monetta,Maybe (Forse)
San Marino,2019,F,77,19 (26),7,Serhat,Say Na Na Na
San Marino,2021,F,50,22 (26),26,Senhit,Adrenalina
Serbia,2007,F,268,1 (24),17,Marija Šerifovi?,Molitva
Serbia,2008,F,160,6 (25),23,Jelena Tomaševi? feat. Bora Dugic,Oro
Serbia,2010,F,72,13 (25),8,Milan Stankovi?,Ovo Je Balkan
Serbia,2011,F,85,14 (25),24,Nina,?aroban
Serbia,2012,F,214,3 (26),24,Željko Joksimovi?,Nije Ljubav Stvar
Serbia,2015,F,53,10 (27),8,Bojana Stamenov,Beauty Never Lies
Serbia,2016,F,115,18 (26),15,Sanja Vu?i? ZAA,Goodbye (Shelter)
Serbia,2018,F,113,19 (26),10,Sanja Ili? & Balkanika,Nova Deca
Serbia,2019,F,89,18 (26),23,Nevena Božovi?,Kruna
Serbia,2021,F,102,15 (26),8,Hurricane,Loco Loco
Serbia,2022,F,312,5 (25),24,Konstrakta,In Corpore Sano
Serbia Montenegro,2004,F,263,2 (24),5,Željko Joksimovi?,Lane Moje
Serbia Montenegro,2005,F,137,7 (24),12,No Name,Zauvijek Moja
Slovakia,1994,,15,19 (25),15,Martin Durinda and Tublatanka,Nekovecná Piesen
Slovakia,1996,,19,18 (23),22,Marcel Palonder,Kým Nás Máš
Slovakia,1998,,8,21 (25),6,Katarína Hasprová,Modlitba
Slovenia,1993,,9,22 (25),16,1X Band,Tih Dezeven Dan
Slovenia,1995,,84,7 (23),20,Darja Svajger,Prisluhni Mi
Slovenia,1996,,16,21 (23),14,Regina,Dan najlepših sanj
Slovenia,1997,,60,10 (25),6,Tanja Ribic,Zbudi Se
Slovenia,1998,,17,18 (25),12,Vili Resnik,Naj Bogovi Slišijo
Slovenia,1999,,50,11 (23),6,Darja Svajger,For A Thousand Years
Slovenia,2001,,70,7 (23),17,Nuša Derenda,Energy
Slovenia,2002,,33,13 (24),22,Sestre,Samo Ljubezen
Slovenia,2003,,7,23 (26),26,Karmen,Nanana
Slovenia,2007,F,66,15 (24),7,Alenka Gotar,Cvet Z Juga
Slovenia,2011,F,96,13 (25),20,Maja Keuc,No One
Slovenia,2014,F,9,25 (26),17,Tinkara Kova?,Round and round
Slovenia,2015,F,39,14 (27),1,Maraaya,Here For You
Slovenia,2018,F,64,22 (26),3,Lea Sirk,"Hvala, ne!"
Slovenia,2019,F,105,15 (26),10,Zala Kralj & Gašper Šantl,Sebi
Spain,1961,,8,9 (16),1,Conchita Bautista,Estando Contigo
Spain,1962,,0,13 (16),3,Victor Balaguer,Llámame
Spain,1963,,2,12 (16),12,José Guardiola,Algo Prodigioso
Spain,1964,,1,12 (16),16,"Tim, Nelly and Tony",Caracola
Spain,1965,,0,15 (18),3,Conchita Bautista,"Qué Bueno, Qué Bueno"
Spain,1966,,9,7 (18),11,Raphael,Yo Soy Aquél
Spain,1967,,9,6 (17),12,Raphael,Hablemos Del Amor
Spain,1968,,29,1 (17),15,Massiel,"La, La, La..."
Spain,1969,,18,1 (16),3,Salomé,Vivo Cantando
Spain,1970,,8,4 (12),9,Julio Iglesias,Gwendolyne
Spain,1971,,116,2 (18),6,Karina,En Un Mundo Nuevo
Spain,1972,,83,10 (18),4,Jaime Morey,Amanece
Spain,1973,,125,2 (17),7,Mocedades,Eres Tú
Spain,1974,,10,9 (17),3,Peret,Canta Y Se Feliz
Spain,1975,,53,10 (19),17,Sergio y Estíbaliz,Tú Volverás
Spain,1976,,11,16 (18),12,Braulio,Sobran Las Palabras
Spain,1977,,52,9 (18),14,Micky,Enseñame A Cantar
Spain,1978,,65,9 (20),7,José Vélez,Bailemos Un Vals
Spain,1979,,116,2 (19),19,Betty Missiego,Su Canción
Spain,1980,,38,12 (19),18,Trigo Limpio,Qué Date Esta Noche
Spain,1981,,38,14 (20),10,Bacchelli,Y Solo Tú
Spain,1982,,52,10 (18),12,Lucía,Él
Spain,1983,,0,19 (20),7,Remedios Amaya,¿quién Maneja Mi Barca?
Spain,1984,,106,3 (19),4,Bravo,"Lady, Lady"
Spain,1985,,36,14 (19),5,Paloma San Basilio,La Fiesta Terminó
Spain,1986,,51,10 (20),9,Cadillac,Valentino
Spain,1987,,10,19 (22),9,Patricia Kraus,No Estás Solo
Spain,1988,,58,11 (21),6,La Década,La Chica Que Yo Quiero (made In Spain)
Spain,1989,,88,6 (22),16,Nina,Nacida Para Amar
Spain,1990,,96,5 (22),1,Azúcar Moreno,Bandido
Spain,1991,,119,4 (22),19,Sergio Dalma,Bailar Pegados
Spain,1992,,37,14 (23),1,Serafin,Todo Esto Es La Música
Spain,1993,,58,11 (25),22,Eva Santamaria,Hombres
Spain,1994,,17,18 (25),21,Alejandro Abad,Ella No Es Ella
Spain,1995,,119,2 (23),9,Anabel Conde,Vuelve Conmigo
Spain,1996,,17,20 (23),3,Antonio Carbonell,"¡ay, Qué Deseo!"
Spain,1997,,96,6 (25),10,Marcos Llunas,Sin Rencor
Spain,1998,,21,16 (25),4,Mikel Herzog,¿Qué Voy A Hacer Sin Ti?
Spain,1999,,1,23 (23),3,Lydia,No Quiero Escuchar
Spain,2000,,18,18 (24),13,Serafín Zubiri,Colgado De Un Sueño
Spain,2001,,76,6 (23),13,David Civera,Dile Que La Quiero
Spain,2002,,81,7 (24),5,Rosa,Europe's Living A Celebration
Spain,2003,,81,8 (26),12,Beth,Dime
Spain,2004,F,87,10 (24),1,Ramón,Para Llenarme De Ti
Spain,2005,F,28,21 (24),10,Son de sol,Brujería
Spain,2006,F,18,21 (24),6,Las Ketchup,Bloody Mary
Spain,2007,F,43,20 (24),2,NASH,I Love You Mi Vida
Spain,2008,F,55,16 (25),22,Rodolfo Chikilicuatre,Baila El Chiki Chiki
Spain,2009,F,23,23 (25),25,Soraya,La Noche Es Para Mí (The Night Is For Me)
Spain,2010,F,68,15 (25),2,Daniel Diges,Algo Pequeñito
Spain,2011,F,50,23 (25),22,Lucía Pérez,Que Me Quiten Lo Bailao - They Can't Take The Fun Away From Me
Spain,2012,F,97,10 (26),19,Pastora Soler,Quédate Conmigo (Stay With Me)
Spain,2013,F,8,25 (26),5,ESDM,Contigo Hasta El Final (With You Until The End)
Spain,2014,F,74,10 (26),19,Ruth Lorenzo,Dancing in the rain
Spain,2015,F,15,21 (27),21,Edurne,Amanecer
Spain,2016,F,77,22 (26),19,Barei,Say Yay!
Spain,2017,F,5,26 (26),16,Manel Navarro,Do It For Your Lover
Spain,2018,F,61,23 (26),2,Amaia y Alfred,Tu Canción
Spain,2019,F,54,22 (26),26,Miki,La Venda
Spain,2021,F,6,24 (26),13,Blas Cantó,Voy A Quedarme
Spain,2022,F,459,3 (25),10,Chanel,SloMo
Sweden,1958,,10,4 (10),5,Alice Babs,Lilla Stjärna
Sweden,1959,,4,9 (11),7,Brita Borg,Augustin
Sweden,1960,,4,10 (13),2,Siw Malmkvist,Alla Andra Får Varann
Sweden,1961,,2,14 (16),7,Lill-Babs,"April, April"
Sweden,1962,,4,7 (16),6,Inger Berggren,Sol Och Vår
Sweden,1963,,0,13 (16),13,Monica Zetterlund,En Gång I Stockholm
Sweden,1965,,6,10 (18),10,Ingvar Wixell,Absent Friend
Sweden,1966,,16,2 (18),10,Lill Lindfors and Svante Thuresson,Nygammal Vals Eller Hip Man Svinaherde
Sweden,1967,,7,8 (17),7,Östen Warnebring,Som En Dröm
Sweden,1968,,15,5 (17),8,Claes-Göran Hederström,"Det Börjar Verka Kärlek, Banne Mej"
Sweden,1969,,8,9 (16),9,Tommy Körberg,"Judy, Min Vän"
Sweden,1971,,85,6 (18),12,Family Four,Vita Vidder
Sweden,1972,,75,13 (18),14,Family Four,Härliga Sommardag
Sweden,1973,,94,5 (17),12,The Nova and The Dolls,You're Summer
Sweden,1974,,24,1 (17),8,ABBA,Waterloo
Sweden,1975,,72,8 (19),18,Lars Berghagen and the Dolls,"Jennie, Jennie"
Sweden,1977,,2,18 (18),13,Forbes,Beatles
Sweden,1978,,26,14 (20),20,Björn Skifs,Det Blir Alltid Värre Framåt Natten
Sweden,1979,,8,17 (19),15,Ted Gärdestad,Satellit
Sweden,1980,,47,10 (19),8,Tomas Ledin,Just Nu!
Sweden,1981,,50,10 (20),20,Björn Skifs,Fångad I En Dröm
Sweden,1982,,67,8 (18),9,Chips,Dag Efter Dag
Sweden,1983,,126,3 (20),4,Carola Häggkvist,Främling
Sweden,1984,,145,1 (19),1,Herrey's,Diggi-loo Diggy-ley
Sweden,1985,,103,3 (19),16,Kikki Danielsson,Bra Vibrationer
Sweden,1986,,78,5 (20),17,Lasse Holm and Monica Törnell,E' De' Det Här Du Kallar Kärlek
Sweden,1987,,50,12 (22),6,Lotta Engberg,Boogaloo
Sweden,1988,,52,12 (21),2,Tommy Körberg,Stad I Ljus
Sweden,1989,,110,4 (22),10,Tommy Nilsson,En Dag
Sweden,1990,,24,16 (22),18,Edin-Ådahl,Som En Vind
Sweden,1991,,146,1 (22),8,Carola,Fångad Av En Stormvind
Sweden,1992,,9,22 (23),7,Christer Björkmann,I Morgon är En Annan Dag
Sweden,1993,,89,7 (25),13,Arvingarna,Eloïse
Sweden,1994,,48,13 (25),1,Marie Bergman and Roger Pontare,Stjärnorna
Sweden,1995,,100,3 (23),18,Jan Johansen,Se På Mej
Sweden,1996,,100,3 (23),23,One More Time,Den Vilda
Sweden,1997,,36,14 (25),16,Blond,Bara Hon älskar Mig
Sweden,1998,,53,10 (25),19,Jill Johnson,Kärleken är
Sweden,1999,,163,1 (23),15,Charlotte Nilsson,Take Me To Your Heaven
Sweden,2000,,88,7 (24),18,Roger Pontare,When Spirits Are Calling My Name
Sweden,2001,,100,5 (23),7,Friends,Listen To Your Heartbeat
Sweden,2002,,72,8 (24),12,Afro-dite,Never Let It Go
Sweden,2003,,107,5 (26),25,Fame,Give Me Your Love
Sweden,2004,F,170,5 (24),24,Lena Philipsson,It Hurts
Sweden,2005,F,30,19 (24),14,Martin Stenmarck,Las Vegas
Sweden,2006,F,170,5 (24),22,Carola,Invincible
Sweden,2007,F,51,18 (24),12,The Ark,The Worrying Kind
Sweden,2008,F,47,18 (25),15,Charlotte Perrelli,Hero
Sweden,2009,F,33,21 (25),4,Malena Ernman,La Voix
Sweden,2011,F,185,3 (25),7,Eric Saade,Popular
Sweden,2012,F,372,1 (26),17,Loreen,Euphoria
Sweden,2013,F,62,14 (26),16,Robin Stjernberg,You
Sweden,2014,F,218,3 (26),13,Sanna Nielsen,Undo
Sweden,2015,F,365,1 (27),10,Måns Zelmerlöw,Heroes
Sweden,2016,F,261,5 (26),9,Frans,If I Were Sorry
Sweden,2017,F,344,5 (26),24,Robin Bengtsson,I Can't Go On
Sweden,2018,F,274,7 (26),20,Benjamin Ingrosso,Dance You Off
Sweden,2019,F,334,5 (26),9,John Lundvik,Too Late For Love
Sweden,2021,F,109,14 (26),25,Tusse,Voices
Sweden,2022,F,438,4 (25),20,Cornelia Jakobs,Hold Me Closer
Switzerland,1957,,5,8 (10),10,Lys Assia,L'enfant Que J'étais
Switzerland,1958,,24,2 (10),10,Lys Assia,Giorgio
Switzerland,1959,,14,4 (11),8,Christa Williams,Irgendwoher
Switzerland,1960,,5,8 (13),9,Anita Traversi,Cielo E Terra
Switzerland,1961,,16,3 (16),10,Franca di Rienzo,Nous Aurons Demain
Switzerland,1962,,2,10 (16),11,Jean Philippe,Le Retour
Switzerland,1963,,40,2 (16),10,Esther Ofarim,T'en Va Pas
Switzerland,1964,,0,13 (16),14,Anita Traversi,I Miei Pensieri
Switzerland,1965,,8,8 (18),18,Yovanna,Non à Jamais Sans Toi
Switzerland,1966,,12,6 (18),12,Madeleine Pascal,Ne Vois-tu Pas?
Switzerland,1967,,0,17 (17),6,Géraldine,Quel Coeur Vas-tu Briser?
Switzerland,1968,,2,13 (17),6,Gianni Mascolo,Guardando Il Sole
Switzerland,1969,,13,5 (16),11,Paola del Medico,"Bonjour, Bonjour"
Switzerland,1970,,8,4 (12),2,Henri Dès,Retour
Switzerland,1971,,78,12 (18),4,"Peter, Sue and Marc",Les Illusions De Nos Vingt Ans
Switzerland,1972,,88,8 (18),8,Véronique Müller,C'est La Chanson De Mon Amour
Switzerland,1973,,79,12 (17),8,Patrick Juvet,"Je Me Vais Marier, Marie"
Switzerland,1974,,3,14 (17),15,Piera Martell,Mein Ruf Nach Dir
Switzerland,1975,,77,6 (19),7,Simone Drexel,Mikado
Switzerland,1976,,91,4 (18),2,"Peter, Sue and Marc","Djambo, Djambo"
Switzerland,1977,,71,6 (18),12,Pepe Lienhard Band,Swiss Lady
Switzerland,1978,,65,9 (20),9,Carole Vinci,Vivre
Switzerland,1979,,60,10 (19),8,"Peter, Sue and Marc and Pfuri, Gorps and Kniri",Trödler Und Co.
Switzerland,1980,,104,4 (19),9,Paola,Cinéma
Switzerland,1981,,121,4 (20),19,"Peter, Sue and Marc",Io Senza Tei
Switzerland,1982,,97,3 (18),7,Arlette Zola,Amour On T'aime
Switzerland,1983,,28,15 (20),8,Mariella Farré,Io Così Non Ci Sto
Switzerland,1984,,30,16 (19),17,Rainy Day,Welche Farbe Hat Der Sonnenschein
Switzerland,1985,,39,12 (19),15,Mariella Farré and Pino Gasparini,Piano Piano
Switzerland,1986,,140,2 (20),10,Daniela Simons,Pas Pour Moi
Switzerland,1987,,26,17 (22),22,Carole Rich,Moitié Moitié
Switzerland,1988,,137,1 (21),9,Céline Dion,Ne Partez Pas Sans Moi
Switzerland,1989,,47,13 (22),18,Furbaz,Viver Senza Tei
Switzerland,1990,,51,11 (22),12,Egon Egemann,Musik Klingt In Die Welt Hinaus
Switzerland,1991,,118,5 (22),5,Sandra Simò,Canzone Per Te
Switzerland,1992,,32,15 (23),13,Daisy Auvray,Mister Music Man
Switzerland,1993,,148,3 (25),4,Annie Cotton,"Moi, Tout Simplement"
Switzerland,1994,,15,19 (25),9,Duilio,Sto Pregando
Switzerland,1996,,22,16 (23),9,Cathy Leander,Mon Coeur L'aime
Switzerland,1997,,5,22 (25),7,Barbara Berta,Dentro Di Me
Switzerland,1998,,0,25 (25),5,Gunvor,Lass Ihn
Switzerland,2000,,14,20 (24),16,Jane Bogaert,La Vita Cos'è?
Switzerland,2002,,15,22 (24),11,Francine Jordi,Dans Le Jardin De Mon Âme
Switzerland,2005,F,128,8 (24),22,Vanilla Ninja,Cool Vibes
Switzerland,2006,F,30,16 (24),1,Six4One,If We All Give A Little
Switzerland,2011,F,19,25 (25),13,Anna Rossinelli,In Love For A While
Switzerland,2014,F,64,13 (26),20,Sebalter,Hunter Of Stars
Switzerland,2019,F,364,4 (26),24,Luca Hänni,She Got Me
Switzerland,2021,F,432,3 (26),11,Gjon's Tears,Tout l'Univers
Switzerland,2022,F,78,17 (25),5,Marius Bear,Boys Do Cry
Turkey,1975,,3,19 (19),13,Semiha Yanki,Seninle Bir Dakika
Turkey,1978,,2,18 (20),12,Nazar,Sevinçe
Turkey,1980,,23,15 (19),2,Ajda Pekkan,Petr'oil
Turkey,1981,,9,18 (20),2,Modern Folk Trio and Aysegül,Dönme Dolap
Turkey,1982,,20,15 (18),5,Neço,Hani
Turkey,1983,,0,19 (20),6,Çetin Alp and the Short Wave,Opera
Turkey,1984,,37,12 (19),15,"Bes Yil Önce, On Yil Sonra",Halay
Turkey,1985,,36,14 (19),7,MFÖ,Di Dai Di Dai Dai (a'sik Oldum)
Turkey,1986,,53,9 (20),8,Klips ve Onlar,Halley
Turkey,1987,,0,22 (22),10,Seyyal Tanner and Lokomotif,Sarkim Sevgi üstüne
Turkey,1988,,37,15 (21),5,MFÖ,Sufi (hey Ya Hey)
Turkey,1989,,5,21 (22),5,Pan,Bana Bana
Turkey,1990,,21,17 (22),4,Kayahan,Gözlerinin Hapsindeyim
Turkey,1991,,44,12 (22),10,"Izel Çeliköz, Rayhan Soykarçi and Can Ugurluér",Iki Dakika
Turkey,1992,,17,19 (23),4,Aylin Vatankos,Yaz Bitti
Turkey,1993,,10,21 (25),2,"Burak Aydos, Öztürk Baybora & Serter",Esmer Yarim
Turkey,1995,,21,16 (23),10,Arzu Ece,Sev!
Turkey,1996,,57,12 (23),1,Sebnem Paker,Besinçi Mevsim
Turkey,1997,,121,3 (25),2,Sebnem Paker and Group Etnic,Dinle
Turkey,1998,,25,14 (25),24,Tüzmen,Unutamazsin
Turkey,1999,,21,16 (23),7,Tuba Önal & Grup Mystik,Dön Artik
Turkey,2000,,59,10 (24),22,Pinar Ayhan & S.O.S. band,Yorgunum Anla
Turkey,2001,,41,11 (23),15,Sedat Yüce,Sevgiliye Son
Turkey,2002,,29,16 (24),19,Buket Bengisu & Saphire,Leylaklar Soldu Kalbinde
Turkey,2003,,167,1 (26),4,Sertab Erener,Everyway That I Can
Turkey,2004,F,195,4 (24),22,Athena,For Real
Turkey,2005,F,92,13 (24),6,Gülseren,Rimi Rimi Ley
Turkey,2006,F,91,11 (24),23,Sibel Tüzün,Superstar
Turkey,2007,F,163,4 (24),22,Kenan Dogulu,Shake It Up Shekerim
Turkey,2008,F,138,7 (25),12,Mor ve Ötesi,Deli
Turkey,2009,F,177,4 (25),18,Hadise,Düm Tek Tek
Turkey,2010,F,170,2 (25),14,maNga,We Could Be The Same
Turkey,2012,F,112,7 (26),18,Can Bonomo,Love Me Back
Ukraine,2003,,30,14 (26),16,Olexandr,Hasta La Vista
Ukraine,2004,F,280,1 (24),10,Ruslana,Wild Dances
Ukraine,2005,F,30,19 (24),16,Greenjolly,Razom Nas Bahato
Ukraine,2006,F,145,7 (24),18,Tina Karol,Show Me Your Love
Ukraine,2007,F,235,2 (24),18,Verka Serduchka,Dancing Lasha Tumbai
Ukraine,2008,F,230,2 (25),18,Ani Lorak,Shady Lady
Ukraine,2009,F,76,12 (25),21,Svetlana Loboda,Be my Valentine! (Anti-crisis Girl)
Ukraine,2010,F,108,10 (25),17,Alyosha,Sweet People
Ukraine,2011,F,159,4 (25),23,Mika Newton,Angel
Ukraine,2012,F,65,15 (26),25,Gaitana,Be My Guest
Ukraine,2013,F,214,3 (26),22,Zlata Ognevich,Gravity
Ukraine,2014,F,113,6 (26),1,Mariya Yaremchuk,Tick - Tock
Ukraine,2016,F,534,1 (26),21,Jamala,1944
Ukraine,2017,F,36,24 (26),22,O.Torvald,Time
Ukraine,2018,F,130,17 (26),1,MELOVIN,Under The Ladder
Ukraine,2021,F,364,5 (26),19,Go_A,Shum
Ukraine,2022,F,631,1 (25),12,Kalush Orchestra,Stefania
United Kingdom,1957,,6,7 (10),3,Patricia Bredin,All
United Kingdom,1959,,16,2 (11),10,Pearl Carr and Teddy Johnson,Sing Little Birdie
United Kingdom,1960,,25,2 (13),1,Bryan Johnson,"Looking High, High, High"
United Kingdom,1961,,24,2 (16),15,The Allisons,Are You Sure?
United Kingdom,1962,,10,4 (16),13,Ronnie Carroll,Ring-a-ding Girl
United Kingdom,1963,,28,4 (16),1,Ronnie Carroll,Say Wonderful Things
United Kingdom,1964,,17,2 (16),8,Matt Monro,I Love The Little Things
United Kingdom,1965,,26,2 (18),2,Kathy Kirby,I Belong
United Kingdom,1966,,8,9 (18),18,Kenneth McKellar,A Man Without Love
United Kingdom,1967,,47,1 (17),11,Sandie Shaw,Puppet On A String
United Kingdom,1968,,28,2 (17),12,Cliff Richard,Congratulations
United Kingdom,1969,,18,1 (16),7,Lulu,Boom Bang-a-bang
United Kingdom,1970,,26,2 (12),7,Mary Hopkin,"Knock, Knock (who's There?)"
United Kingdom,1971,,98,4 (18),9,Clodagh Rodgers,Jack In The Box
United Kingdom,1972,,114,2 (18),5,The New Seekers,"Beg, Steal Or Borrow"
United Kingdom,1973,,123,3 (17),15,Cliff Richard,Power To All Our Friends
United Kingdom,1974,,14,4 (17),2,Olivia Newton-John,Long Live Love
United Kingdom,1975,,138,2 (19),9,The Shadows,Let Me Be The One
United Kingdom,1976,,164,1 (18),1,Brotherhood of Man,Save Your Kisses For Me
United Kingdom,1977,,121,2 (18),9,Lynsey de Paul and Mike Moran,Rock Bottom
United Kingdom,1978,,61,11 (20),8,Co-Co,The Bad Old Days
United Kingdom,1979,,73,7 (19),17,Black Lace,Mary Ann
United Kingdom,1980,,106,3 (19),13,Prima Donna,Love Enough For Two
United Kingdom,1981,,136,1 (20),14,Bucks Fizz,Making Your Mind Up
United Kingdom,1982,,76,7 (18),4,Bardo,One Step Further
United Kingdom,1983,,79,6 (20),3,Sweet Dreams,I'm Never Giving Up
United Kingdom,1984,,63,7 (19),6,Belle and the Devotions,Love Games
United Kingdom,1985,,100,4 (19),14,Vikki,Love Is...
United Kingdom,1986,,72,7 (20),5,Ryder,Runner In The Night
United Kingdom,1987,,47,13 (22),14,Rikki,Only The Light
United Kingdom,1988,,136,2 (21),4,Scott Fitzgerald,Go
United Kingdom,1989,,130,2 (22),7,Live Report,Why Do I Always Get It Wrong
United Kingdom,1990,,87,6 (22),7,Emma,Give A Little Love Back To The World
United Kingdom,1991,,47,10 (22),20,Samantha Janus,A Message To Your Heart
United Kingdom,1992,,139,2 (23),16,Michael Ball,One Step Out Of Time
United Kingdom,1993,,164,2 (25),19,Sonia,Better The Devil You Know
United Kingdom,1994,,63,10 (25),6,Frances Ruffelle,We Will Be Free (lonely Symphony)
United Kingdom,1995,,76,10 (23),15,Love City Groove,Love City Groove
United Kingdom,1996,,77,8 (23),2,Gina G,Just A Little Bit
United Kingdom,1997,,227,1 (25),24,Katrina and The Waves,Love Shine A Light
United Kingdom,1998,,166,2 (25),16,Imaani,Where Are You?
United Kingdom,1999,,38,12 (23),5,Precious,Say It Again
United Kingdom,2000,,28,16 (24),3,Nicki French,Don't Play That Song Again
United Kingdom,2001,,28,15 (23),16,Lindsay D.,No Dream Impossible
United Kingdom,2002,,111,3 (24),2,Jessica Garlick,Come Back
United Kingdom,2003,,0,26 (26),15,Jemini,Cry Baby
United Kingdom,2004,F,29,16 (24),20,James Fox,Hold On To Our Love
United Kingdom,2005,F,18,22 (24),2,Javine,Touch My Fire
United Kingdom,2006,F,25,19 (24),15,Daz Sampson,Teenage Life
United Kingdom,2007,F,19,22 (24),19,Scooch,Flying The Flag (for You)
United Kingdom,2008,F,14,25 (25),2,Andy Abraham,Even IF
United Kingdom,2009,F,173,5 (25),23,Jade Ewen,It's My Time
United Kingdom,2010,F,10,25 (25),12,Josh,That Sounds Good To Me
United Kingdom,2011,F,100,11 (25),14,Blue,I Can
United Kingdom,2012,F,12,25 (26),1,Engelbert Humperdinck,Love Will Set You Free
United Kingdom,2013,F,23,19 (26),15,Bonnie Tyler,Believe In Me
United Kingdom,2014,F,40,17 (26),26,Molly,Children of the Universe
United Kingdom,2015,F,5,24 (27),5,Electro Velvet,Still In Love With You
United Kingdom,2016,F,62,24 (26),25,Joe and Jake,You're Not Alone
United Kingdom,2017,F,111,15 (26),18,Lucie Jones,Never Give Up On You
United Kingdom,2018,F,48,24 (26),9,SuRie,Storm
United Kingdom,2019,F,11,26 (26),16,Michael Rice,Bigger Than Us
United Kingdom,2021,F,0,26 (26),9,James Newman,Embers
United Kingdom,2022,F,466,2 (25),22,Sam Ryder,SPACE MAN
Yugoslavia,1961,,9,8 (16),5,Ljiljana Petrovic,Neke Davne Zvezde
Yugoslavia,1962,,10,4 (16),12,Lola Novakovic,Ne Pali Svetlo U Sumrak
Yugoslavia,1963,,3,11 (16),9,Vice Vukov,Brodovi
Yugoslavia,1964,,0,13 (16),13,Sabahudin Kurt,Zivot Je Sklopio Krug
Yugoslavia,1965,,2,12 (18),17,Vice Vukov,Ceznja
Yugoslavia,1966,,9,7 (18),5,Berta Ambroz,Brez Besed
Yugoslavia,1967,,7,8 (17),15,Lado Leskovar,Vse Roze Sveta
Yugoslavia,1968,,8,7 (17),17,Luci Kapurso and Hamo Hajdarhodzic,Jedan Dan
Yugoslavia,1969,,5,13 (16),1,Ivan,Pozdrav Svijetu
Yugoslavia,1970,,4,11 (12),4,Eva Sršen,"Pridi, Dala Ti Bom Cvet"
Yugoslavia,1971,,68,14 (18),16,Krunoslav Slabinac,Tvoj Djecak Je Tuzan
Yugoslavia,1972,,87,9 (18),13,Tereza,Muzika I Ti
Yugoslavia,1973,,65,15 (17),9,Zdravko Colic,Gori Vatra
Yugoslavia,1974,,6,12 (17),7,Korni,Generacija 42
Yugoslavia,1975,,22,13 (19),8,Pepel In Kri,Dan Ljubezni
Yugoslavia,1976,,10,17 (18),18,Ambasadori,Ne Mogu Skriti Svoju Bol
Yugoslavia,1981,,35,15 (20),7,Seid-Memic Vajta,Leila
Yugoslavia,1982,,21,14 (18),14,Aska,Halo Halo
Yugoslavia,1983,,125,4 (20),12,Danijel,Dzuli
Yugoslavia,1984,,26,18 (19),12,Vlado and Isolda,Ciao Amore
Yugoslavia,1986,,49,11 (20),2,Doris Dragovic,Zeljo Moja
Yugoslavia,1987,,92,4 (22),21,Novi Fosili,Ja Sam Za Ples
Yugoslavia,1988,,87,6 (21),21,Srebrna Krila,Mangup
Yugoslavia,1989,,137,1 (22),22,Riva,Rock Me
Yugoslavia,1990,,81,7 (22),15,Tajci,Hajde Da Ludujemo
Yugoslavia,1991,,1,21 (22),1,Baby Doll,Brazil
Yugoslavia,1992,,44,13 (23),20,Extra Nena,Ljubim Te Pesmama
